firm,q,medium firm,big firm,epsp,profit margin,book/market,short leverage,f1 stock return
AAL,2022q1,0,1,-0.13800761745794438,-0.18372850882121586,,0.03534072194774558,-0.4021687883074022
AAWW,2022q1,1,0,0.03230256250766132,0.07859087736078275,0.09012102893806817,0.10478547815699363,-0.09396564381148141
ABM,2022q1,1,0,0.02468613380133458,0.03925214337361843,-0.620569791399868,0.013873781881950764,-0.008218849468680603
ABNB,2022q1,0,1,-0.00017265764409093092,-0.012453800258062463,-3.1343839890316683,0.0037217222286603548,-0.41831004309781894
ABSI,2022q1,0,0,-0.037712553374057566,-5.448682236983073,-0.8315457339481572,0.016970110757093006,
ACCD,2022q1,1,0,-0.029389623060996142,-0.36857374461367803,-0.3176651275728702,0.005125516421644319,-0.8637451666359787
ACHC,2022q1,0,1,0.010326627467859648,0.09865678104217444,-0.827813181333237,0.009601544189752327,0.07776892430278877
ACIW,2022q1,1,0,0.004275043953902843,0.047944781478271636,-1.0847313001705148,0.015816498958867074,-0.30290791599353795
ACM,2022q1,0,1,0.0038278314242785197,0.012931369797283968,-1.410338855728209,0.0038227723441713393,0.03405147401045132
ACVA,2022q1,1,0,-0.012744632288145492,-0.28617862513947506,-1.4671781273482443,0.0013665651634776877,-0.7448302770191182
ADBE,2022q1,0,1,0.005880701196973529,0.2970436414828719,-2.7490862416784907,0.022790267939636587,-0.37494023632265555
ADP,2022q1,0,1,0.009714670186732239,0.20573897629071572,-3.1265406287775614,0.2509000249909852,0.07746137198719029
ADSK,2022q1,0,1,0.0019128395969987592,0.07353912182238362,-3.9220075745413037,0.05069247571687503,-0.41089414182939354
ADT,2022q1,0,1,0.008871119135222216,0.033432659199208674,-0.5736676047483965,0.007426660384285875,-0.4191364250114651
ADUS,2022q1,1,0,0.005691583989985908,0.037373033172427794,-0.932356318671692,0.0,-0.04539202200825303
AGL,2022q1,0,1,0.00012094565731198501,0.001882331336225696,-2.213738355324837,0.0026951112299355706,-0.4619176731575056
AGTI,2022q1,1,0,0.007189913239285134,0.06755783782315143,-1.0945001421311125,0.02944684936562749,-0.06218564243255598
AGYS,2022q1,0,0,0.0020109423670393203,0.04257055715451695,-2.3150071667298917,0.023594288435856967,-0.16880604888341824
AI,2022q1,1,0,-0.016336597246215313,-0.5653619594972267,-0.8552247527255235,0.0,-0.707980169518631
AIKI,2022q1,0,0,-0.08797460404379014,,0.8609931937434642,0.0,-0.6373471018501444
AINC,2022q1,0,0,0.017566295129722385,0.007076792152822879,0.8609931937434642,0.023244665232476616,-0.3851936619718309
AIRS,2022q1,0,0,-0.0009104556888329623,-0.017524782520736394,-2.136486992614106,0.022467897832832276,
AIRT,2022q1,0,0,0.06640114281775442,0.08449170830336139,-0.9341446415514799,0.038174557680913684,-0.3338729259409146
AKAM,2022q1,0,1,0.006224630392230757,0.13186897095879255,-1.4932418272352919,0.031161956501973377,-0.21672384219554028
ALF,2022q1,0,0,-0.199525861705105,-5.448682236983073,-1.9408176116118148,0.013109681408873471,-0.920516304347826
ALGT,2022q1,1,0,-0.002679507424818808,-0.015758564632910026,-0.8780907611741284,0.03775795760466073,-0.41706185567010307
ALK,2022q1,0,1,-0.01957783122595355,-0.08506841165972635,-0.6972875980498918,0.03969035890218156,-0.33593102304758754
ALKT,2022q1,1,0,-0.010355158089461186,-0.2993078812234874,-1.3308259473674382,0.004351327328888404,-0.6105971404541631
ALR,2022q1,0,0,-0.13874159407833253,-0.05619632327036034,0.8609931937434642,0.00450727671702777,-0.7916666666666666
ALRM,2022q1,1,0,0.00271485600347451,0.044193597063820055,-1.781713224116823,0.00853534075229223,-0.2696576151121606
ALTR,2022q1,0,1,0.0022568201345260722,0.07214875360649889,-2.11140141193444,0.20828886203459498,-0.2387994780339278
AM,2022q1,0,1,0.015414802951501634,0.3663308786174259,-0.8318537722705267,0.0,-0.05027326121413504
AMC,2022q1,0,1,-0.03041873519468156,-0.42942598956344663,,0.0604423221915054,-0.7609386026859943
AMCX,2022q1,1,0,0.06051316861784124,0.146299200878458,-0.566627100188118,0.012544232481015643,-0.5640718562874251
AMED,2022q1,0,1,0.005651644026008255,0.05808453628289045,-1.703013316017537,0.02316610004653132,-0.5708161515535051
AMN,2022q1,1,0,0.03000521879918966,0.09404471903425231,-1.5044664562612244,0.0027589735128692584,0.13126417818106814
AMPL,2022q1,1,0,-0.01095341354211677,-0.4187317440874399,-1.9018625850486857,0.0,
AMS,2022q1,0,0,0.019004342032941803,0.055498246337940996,0.5575687340951028,0.04546378940232742,-0.24232081911262796
AMST,2022q1,0,0,-0.15104748951133168,-5.448682236983073,-0.3896307298130432,0.0,-0.8327272727272728
AMSWA,2022q1,0,0,0.004203955165098428,0.09067916846585651,-1.6758658399560356,0.003246439129266326,-0.2491839514407186
AMWL,2022q1,1,0,-0.06317861171703709,-1.0903755137626105,0.08656035256964563,0.0019555029453707526,-0.656597774244833
ANGI,2022q1,1,0,-0.011739587490919318,-0.07655465094151445,-0.9369440218401434,0.0,-0.6612426035502958
ANSS,2022q1,0,1,0.00256194766194327,0.16700033170460882,-1.8483652343232073,0.0015074713584571952,-0.310522676194318
APDN,2022q1,0,0,-0.1097785423051588,-0.2860913956266079,-0.7396076568315824,0.0,-0.8912812960235641
APEI,2022q1,0,0,0.013315659006955296,0.034462703638842754,0.055071484521827016,0.030030722961849082,-0.42978122794636553
APP,2022q1,0,1,-0.0055688406999547775,-0.1842870642335323,-2.330701656377458,0.007377100084268483,-0.541838499401357
APPF,2022q1,1,0,-0.0036222499878235063,-0.1356841665400395,-2.614472916390138,0.0,-0.3580736543909348
APPN,2022q1,1,0,-0.005270375391835428,-0.20263245409833197,-2.8957644152491433,0.01618863591588675,-0.6561887477313975
ARCB,2022q1,1,0,0.03513373780343003,0.052108722063346304,-0.7001284055895612,0.05154231413418751,0.21459100780760185
ARKR,2022q1,0,0,0.016082948618200938,0.026650836154195928,-0.19235110151685558,0.07504098150709493,-0.08162909259344321
ARMK,2022q1,0,1,0.003702338010039932,0.009259870862257479,-1.2013701220673798,0.00916947581112128,-0.1671624444911925
AROC,2022q1,1,0,0.0012011586798406227,0.008727136272128438,-0.4962143705761283,0.0,-0.006045247962271178
ASAN,2022q1,0,1,-0.011910210077811302,-0.8043752065672761,-3.6133778512302084,0.017782712312686078,-0.7165887473802999
ASGN,2022q1,0,1,0.011092225545461853,0.061228230980751606,-1.1699480870855083,0.006587992667277727,-0.06891571236975143
ASUR,2022q1,0,0,-0.02530849818822715,-0.12398799983561419,0.2618371845012627,0.2509000249909852,-0.35738444193912056
ATEX,2022q1,1,0,-0.01035520982518039,-5.448682236983073,-1.7423575133456333,0.005437988232078376,-0.3153858976496083
ATGE,2022q1,1,0,0.2364163450274526,0.6520954223081883,0.0077657172232118085,0.014590190026318332,0.009259259259259212
ATNI,2022q1,0,0,-0.0015151360829839145,-0.005511019131607555,0.10298851010063001,0.016329845785553215,0.04758946948851453
ATSG,2022q1,1,0,0.020056983584064953,0.1024904293417857,-0.6062645418288813,0.005923766531008123,0.23676280671545416
ATUS,2022q1,0,1,0.02257182958240164,0.08115580472662545,,0.02924843070877495,-0.7290568248388987
ATVI,2022q1,0,1,0.006327643096548561,0.2234162895927602,-1.2530194211462828,0.0,-0.17935029716422224
AUD,2022q1,0,0,-0.026589664374107484,-0.04022230697978532,0.4350537362046865,0.01178912987789258,-0.7813921113689094
AUTO,2022q1,0,0,-0.13269392876711822,-0.2259232060428032,-1.2865120505958902,0.2509000249909852,-0.8781730769230769
AUUD,2022q1,0,0,-0.06921747545313985,,-1.1632112624061703,0.0,-0.8449822695035462
AVAH,2022q1,0,0,0.040216717921724855,0.056231050264796884,0.05561724843850307,0.06830093403742125,-0.8172999191592563
AVDX,2022q1,1,0,-0.015870257701984213,-0.35317332134881957,-0.8100308853574343,0.2509000249909852,
AVID,2022q1,1,0,0.006794646626652724,0.10517739868255024,,0.03553142097124929,-0.3371647509578544
AVLR,2022q1,0,1,-0.0037396955579377155,-0.15917958245734123,-2.1284202969190336,0.004430993089266539,-0.5636588380716935
AVYA,2022q1,1,0,-0.0009293368720023881,-0.0013966480446927375,-0.6477596388694695,0.0,-0.9167286245353159
AWRE,2022q1,0,0,-0.019699113370476713,-0.2725916453537937,-0.4676956917783048,0.0,-0.35675675675675683
AWX,2022q1,0,0,-0.09882044622673967,-0.0881962401285904,0.8609931937434642,0.023100505005533435,-0.44562899786780386
AYRO,2022q1,0,0,-0.09691363416028592,-4.458955141175516,0.3854537407820118,0.0024681134774614815,-0.8282991803278688
AYX,2022q1,1,0,-0.021820152862192133,-0.6683951602180561,-3.0436128636554907,0.057051320251806745,-0.43710764938386415
AZPN,2022q1,0,1,0.006814564065088198,0.4001161099955793,-2.6551440379817164,0.02398160196434946,0.3354660462410936
BAH,2022q1,0,1,0.007763369634062615,0.040603178801792254,-2.4143840354879638,0.020033440791957614,0.08181914808132354
BAND,2022q1,0,0,-0.008345513883048527,-0.05187113668889498,-1.1776191649059091,0.006837438199348129,-0.8635440835266822
BASE,2022q1,0,0,-0.01720153944588291,-0.37748117727583846,-1.43503645994212,0.0,
BBGI,2022q1,0,0,-0.07231950952674374,-0.06710204561104971,0.8609931937434642,0.010268149705804393,-0.5570934256055363
BBQ,2022q1,0,0,0.004824631430905785,0.011950018696248286,-0.8872673593339091,0.06872664968015278,-0.4510010537407798
BBSI,2022q1,0,0,0.000500849655955783,0.0011689497716894977,-1.1302127043549477,0.008416643616390721,0.019858463388724924
BCO,2022q1,1,0,0.022051871777350903,0.06638733705772812,-2.1682918012975594,0.023128825820812465,-0.20035264908566125
BCOV,2022q1,0,0,-0.0050849282574243785,-0.030667490960864758,-1.1682299121731543,0.01300223902963629,-0.5595818815331011
BDL,2022q1,0,0,0.025738409022637115,0.0411604264815274,0.09842668564993995,0.04078141304579302,-0.23368362693956068
BFAM,2022q1,0,1,0.0024670622016999258,0.042149480136139825,-1.903410907279604,0.029534882362122834,-0.4254639385493849
BFH,2022q1,1,0,0.0748772975589724,0.19662921348314608,-0.21235840362539754,,
BGSF,2022q1,0,0,0.11507485938328266,0.2305114684480919,-0.40919730548066435,0.014601305885018822,0.04138254040580993
BH,2022q1,0,0,-0.0009056081758693158,-0.0034906058192381577,0.5792886244383817,0.019254865925987803,-0.23057628394055305
BIGC,2022q1,1,0,-0.023260482963319822,-0.5607418622255866,-2.6735552230566784,0.005526989164708763,-0.7504621072088724
BILL,2022q1,0,1,-0.0036915005174522767,-0.5195583274918969,-1.7534223633814925,0.12687563236103083,-0.39982530843978603
BIOC,2022q1,0,0,-0.07080664975698821,-0.13878164953622463,-0.05422600789718274,0.023731111972103834,-0.7756563245823389
BJRI,2022q1,0,0,0.0022035603810424804,0.0048873728362495775,-0.6740719122947011,0.03879673744681685,-0.5588115588115589
BKD,2022q1,1,0,-0.07644250009601908,-0.14755097223451655,-0.7807893650685885,0.06102341597117829,-0.4253164556962026
BKI,2022q1,0,1,0.04048929641350626,0.6520954223081883,-1.301267104602081,0.00563688372875652,-0.16145165427032576
BKNG,2022q1,0,1,-0.007289941094940558,-0.2597402597402597,-3.089135596879767,0.059551465332380274,-0.2006773030359812
BL,2022q1,1,0,-0.002308088395197819,-0.08326125286935693,-3.9220075745413037,0.003010324933296974,-0.4014559180372068
BLIN,2022q1,0,0,0.01775254143074266,0.08404177799368472,0.026422003437266,0.022233217878937818,-0.7209302325581395
BLKB,2022q1,1,0,-0.0033449884738299906,-0.04047463480655248,-1.4845019655711007,0.006891627296717728,-0.2416089852422619
BLMN,2022q1,1,0,0.03848675960912843,0.06620664863419361,-1.9006699864343763,0.0035025766727144907,-0.37988326486122487
BLND,2022q1,1,0,-0.055706711735930545,-1.0081091661540182,-0.5768734491275139,0.0,
BLZE,2022q1,0,0,-0.038376487739738195,-0.6428937916880452,-1.316020439870435,0.10389515480743465,
BMBL,2022q1,1,0,0.0043697678290449335,0.07762820846689615,-0.40232447330209936,0.0006818777036003038,-0.5112847222222222
BNFT,2022q1,0,0,-0.005383218514100608,-0.03719069007758269,,0.022891316976897794,-0.4482269503546099
BOX,2022q1,1,0,-0.001037694734531005,-0.018533516740157952,,0.06166842312082752,-0.016046966731898243
BOXL,2022q1,0,0,-0.06176001367144896,-0.09596268995909334,-0.5036477092314101,0.057302346776030987,-0.717759336099585
BR,2022q1,0,1,0.009712551728823704,0.1151463780400339,-2.3010824457397914,0.0,-0.10279989427071697
BROS,2022q1,0,1,-0.000546760799719274,-0.03251268435027209,-3.746877865071102,0.04600873255806066,
BRZE,2022q1,1,0,-0.0111047763905498,-0.6095777607405515,-2.042298204690872,0.0,
BSQR,2022q1,0,0,-0.025126316835143662,-0.09124537607891492,0.07890457035150211,0.007554655186967164,-0.7358490566037736
BSY,2022q1,0,1,0.004495775968679139,0.20466250721371096,-3.310762111534277,0.006954050957112095,-0.4845649972991685
BTBD,2022q1,0,0,0.0025291337394368753,0.0205721556494217,-0.44751855972573945,0.013348593787273018,
BWMN,2022q1,0,0,0.007043200010319636,0.02777301233297116,-0.7463804862295608,0.062159874976063845,-0.10902527075812272
BYD,2022q1,0,1,0.02251570076272033,0.18928762708497193,-1.540114389094032,0.007090083546385683,-0.18686144847472733
CABO,2022q1,0,1,0.01932594512164571,0.4018409939867737,-1.5222948994379228,0.006193763273376229,-0.3213809321668428
CACI,2022q1,0,1,0.013532084246568448,0.06023876564098032,-0.8677047351439644,0.004656555997499676,0.10449984321103782
CAKE,2022q1,1,0,0.011037112967679518,0.029183202933061193,-1.7760122789315156,0.052643295066602126,-0.5084112114317559
CALX,2022q1,1,0,0.0029362742485322686,0.04389882561584878,-1.5416435688411918,0.0,-0.2812631578947368
CARG,2022q1,1,0,-0.012385677575121188,-0.1441914688068963,-2.3780524127235823,0.013219426837455923,-0.18070911170415563
CASS,2022q1,0,0,0.016337477475876855,0.6520954223081883,-0.8452192702134207,,-0.14688509931774735
CBRL,2022q1,1,0,0.013643727304346502,0.04363417066778002,-1.5183711772139712,0.0,-0.41595308591224234
CBZ,2022q1,1,0,0.02654428643293208,0.14838839789442512,-1.0584526133592997,0.1212513719829246,0.2194079951174854
CCL,2022q1,0,1,-0.09459441767892607,-1.1663585951940851,-0.6631084000933375,0.09669488185281808,-0.6718512898330805
CCO,2022q1,1,0,-0.07104672008225599,-0.17095311287303497,,0.08300535857769069,-0.5946969696969697
CCOI,2022q1,1,0,0.00035754448692341853,0.007621920563097033,,0.03017728964320369,-0.1686208492620889
CCRD,2022q1,0,0,0.03654768574177589,0.3570252017789491,-1.5525331140801573,0.0,-0.2240940877304514
CCRN,2022q1,0,0,0.07514663474661507,0.07858562857852858,-0.8400383321581131,0.006302690646571385,0.2616596002422772
CDAY,2022q1,0,1,-0.0026361068851107165,-0.09341970678486192,-1.5800602584029872,0.0017631900176319003,-0.5091743119266056
CDLX,2022q1,1,0,0.01780857658767706,0.4863679189730303,-0.9581192002674477,0.0050756226348889965,-0.8242338296698968
CDNA,2022q1,1,0,-0.010017334543772446,-0.2474060642691649,-1.4555407293191487,0.0,-0.7652972027972027
CDNS,2022q1,0,1,0.005159646982458749,0.26097124974771724,-2.8048448861732505,0.0,0.09655021195731625
CELC,2022q1,0,0,-0.05687579118926373,,-0.8184164404092711,0.002441227999225071,-0.6208333333333333
CERT,2022q1,1,0,0.000644418593609863,0.02709960638128288,-1.1851293278542618,0.005253393106688272,-0.2424991175432403
CEVA,2022q1,0,0,-0.0017980509423784514,-0.0493152278212323,-1.2214193019184285,0.009398877745940783,-0.29048625792811833
CFLT,2022q1,0,1,-0.010096339566670517,-0.8957340711437383,-2.594143962248631,0.003685003803666104,-0.5107368421052632
CHDN,2022q1,0,1,0.004983663096217454,0.11562757484207635,-3.280215583434614,0.0023049820540682934,-0.03097460252542754
CHE,2022q1,0,1,0.008463336047317633,0.12094830072245918,-2.431184410072175,0.029757451041809463,-0.007773204492421485
CHGG,2022q1,1,0,0.0011736802492461514,0.02839144795395661,-1.8002118837630101,0.0,-0.7740344122247623
CHH,2022q1,0,1,0.008555739065172659,0.261482110915814,-3.2202194441890812,0.1097783601449878,-0.05422686595164801
CHNG,2022q1,0,1,0.0010427508118852598,0.0077054245536776825,-0.7301672806092159,0.0031947662697036344,0.0008680555555555371
CHRA,2022q1,0,0,-0.07222340944217065,-0.18228338707968086,-3.127529566641312,0.0529531441512627,-0.25940594059405936
CHRW,2022q1,0,1,0.01948750012665121,0.03966400589910171,-1.8901436342913263,0.0938984526423357,0.10562052963634333
CHTR,2022q1,0,1,0.013137483271486058,0.09113636363636364,-1.748021670202664,0.031560007780587436,-0.3505717651950933
CHUY,2022q1,0,0,0.010761256575197487,0.05491312222598173,-0.7254465750904286,0.027808748168694736,-0.46537842190016093
CLBS,2022q1,0,0,-0.09669402486495425,,0.7026121195492862,0.0,-0.6707453416149068
CLH,2022q1,0,1,0.007460597153756162,0.03875943132761787,-1.3382127813264053,0.01128887508891061,-0.0587287953618209
CLVT,2022q1,0,1,0.00607007300952531,0.10495318634853519,0.022452898544312764,0.003094658042818722,-0.49654921903378135
CMCSA,2022q1,0,1,0.01691964690519159,0.11447920025798129,-0.7819625423345411,0.007724191276808453,-0.29843170326882823
CMG,2022q1,0,1,0.0035694101970046117,0.07834246208561181,-3.0340742836712047,0.03452823971584862,-0.1567914134963943
CNK,2022q1,1,0,-0.03576316829294466,-0.16069489685124863,-1.9331213550241153,0.05200724479031905,-0.31571753986332574
CNNE,2022q1,1,0,-0.11968603588137564,-1.4790919952210275,0.38580268477882107,0.00727231081970968,-0.42966676496608663
CNSL,2022q1,0,0,-0.17255150704181962,-0.3851897241889183,-0.44242305008516253,0.012070540305408394,-0.20364050056882813
CNTY,2022q1,0,0,0.0006157904594529365,0.002114390463905027,-0.8402922597150444,0.011113729743850394,-0.46388682055100516
CNVY,2022q1,0,0,-0.0024107466069720114,-0.011932828721512181,0.11651746244450499,0.007513087348641731,-0.08611599297012305
COMP,2022q1,1,0,-0.05804252193584932,-0.13457408732999285,-1.3915581604371725,0.06724587315377932,-0.7252663622526637
COUP,2022q1,0,1,-0.012585205644832016,-0.49670457014557834,-2.1444728657776295,0.004509299353402988,-0.782152531379955
COUR,2022q1,1,0,-0.01159052987232345,-0.3177534396718507,-1.510939402569088,0.008512310110005238,-0.6415571374732776
CPHC,2022q1,0,0,0.016322498630215797,0.13007160742080998,-0.5063325492587071,0.0005850601249360889,0.7830759448973973
CPSI,2022q1,0,0,0.016106022142081,0.10418512668387461,-0.7806862035161112,0.0110439897349715,-0.03791754438760151
CRAI,2022q1,0,0,0.018324358487911845,0.07700394926608349,-1.0920052716864672,0.13619694939746788,0.057595565312687266
CRL,2022q1,0,1,0.006488463173007304,0.10178252358771853,-1.701582170463082,0.00037342497557260737,-0.42157763840830453
CRM,2022q1,0,1,-0.00013320849794097722,-0.003822003822003822,-1.285345150343841,0.007205201188963228,-0.3243541982232776
CRNC,2022q1,1,0,-0.0003366543605383396,-0.0055169216504404265,-0.2916967804511955,0.008021605531072342,-0.763564801799269
CRWD,2022q1,0,1,-0.0008011027563191471,-0.09739913227071298,-3.9220075745413037,0.0027139209497286216,-0.3292746010902869
CSGP,2022q1,0,1,0.003394813964404601,0.17315562448504823,-1.5125621258096669,0.004433606136480587,-0.27058681477903884
CSGS,2022q1,1,0,0.0029726847561063093,0.023120272314674735,-1.6024260807700572,0.2112520658557208,0.28899062891058946
CSPI,2022q1,0,0,0.004370371895227573,0.013020615975294216,-0.04433316545289743,0.025209652575731645,-0.13825757570655936
CSTL,2022q1,1,0,-0.021600646112624352,-0.9169894235066289,-1.0539307472594919,0.002697868031726388,-0.7006682121914632
CSV,2022q1,0,0,0.020066678395307826,0.16709283727753385,-1.9184311819947508,0.00245266442382719,0.08332783050862955
CSX,2022q1,0,1,0.010549451386952477,0.25168473483738646,-1.8198570946957358,0.007836448136062494,-0.08359458013382502
CTG,2022q1,0,0,0.014945086252781785,0.025051164767326124,-0.4516861454020303,0.03464289706046719,-0.1147880041365046
CTSH,2022q1,0,1,0.011969800038849511,0.11665975963530874,-1.3682386991668232,0.013307330503613629,-0.012826250674631874
CTXS,2022q1,0,1,0.004754700598356393,0.07297858574305315,-2.947701660385709,0.2509000249909852,-0.16461280947142862
CVEO,2022q1,0,0,0.004233171883456671,0.008510484192228298,0.1131072515628258,0.045859865041138384,0.4533707865168539
CVLG,2022q1,0,0,0.06121942056256614,0.0760224291373013,-0.008901863173307782,0.038374775970390976,0.21991850931424417
CVLT,2022q1,1,0,0.0027018168375001696,0.038786301462983556,-2.4472619925061023,0.005854818155082835,-0.19534348215427916
CWAN,2022q1,1,0,7.998465834766814e-05,0.005623216253638136,-2.864229531851662,0.02105563824657764,
CWST,2022q1,1,0,0.0009298275328010648,0.017903917069397975,-2.337751204537709,0.014496878660658883,0.14583004887277326
CXM,2022q1,1,0,-0.011224110070433025,-0.25278993999970517,-1.7788766134819978,0.0,-0.5089849441476445
CYH,2022q1,1,0,-0.0006376651436462138,-0.0003214400514304082,,0.024765773439035577,-0.7571243523316062
CYN,2022q1,0,0,-0.09654309793406282,,-0.7313512628122218,0.02733574005278809,
CZR,2022q1,0,1,-0.04105142312894741,-0.29668411867364747,-1.460233647522196,0.008227011571763818,-0.6308433734939759
DAL,2022q1,0,1,-0.03705543971900931,-0.10055626872058195,-2.1378569336254025,0.04013668167272333,-0.33032824780397596
DALN,2022q1,0,0,-0.07056795728983814,-0.0728635599526001,0.04538328003358745,0.0,-0.03942492379906453
DASH,2022q1,0,1,-0.004090096235256354,-0.11469780219780219,-2.1721280785799073,0.00454412195836998,-0.6401614983457635
DATS,2022q1,0,0,-0.06555322748988107,-5.448682236983073,-1.0625796543579593,0.003116552379049036,
DBX,2022q1,0,1,0.0089818225210353,0.1417140825035562,,0.07065217391304347,-0.3074892774661828
DCT,2022q1,1,0,-0.00030082341432196457,-0.011502525582977832,-1.378455161928095,0.004959821412198202,-0.6586991496207768
DDD,2022q1,1,0,-0.01252166960922118,-0.2014947256035669,-0.9510043959788025,0.005508564859219296,-0.7573179884913686
DDOG,2022q1,0,1,0.00020480398857508847,0.026824229402528717,-3.7512191778971484,0.00803474870651222,-0.08493466564181403
DENN,2022q1,0,0,0.02474790126250538,0.21196427012714947,,0.04326920681425233,-0.4736203759854457
DGX,2022q1,0,1,0.021714422363938026,0.13596323247797779,-0.9355021265605609,0.01160541586073501,0.026244057538660683
DH,2022q1,1,0,-0.0035924702292632056,-0.17205330779666428,-0.4720688516641905,0.04807846748046437,
DHX,2022q1,0,0,0.004380597085908364,0.03789246810741539,-1.009675866365781,0.010612076928801895,0.4704142011834319
DIN,2022q1,1,0,0.01867833557606038,0.10784513698719311,,0.04403100594561302,-0.256902393976833
DIS,2022q1,0,1,0.0018821224450793726,0.0244168528235233,-0.970051634211852,0.0266679179859029,-0.46293451669795754
DISH,2022q1,0,1,0.02584062828423877,0.09990509442066033,-0.04662174815953475,0.0781631072062377,-0.5710526315789474
DJCO,2022q1,0,0,-0.06456443694038862,-2.5952225436222824,-0.6115311536762683,0.0003845266476966854,-0.23545051698670602
DKNG,2022q1,0,1,,,,,-0.7763082231167338
DLHC,2022q1,0,0,0.029682769181502994,0.06603556610456399,-1.077097332594794,0.011320330619042267,0.30479452054794526
DLPN,2022q1,0,0,-0.019154171041757213,-0.08635399430649565,-0.5151546792564817,0.06332948836337889,-0.6616702355460385
DMRC,2022q1,0,0,-0.038122708549563004,-2.3992713533936043,-1.8750565446584249,0.0,-0.577910447761194
DNB,2022q1,0,1,-0.004143485684351687,-0.0583955223880597,-0.7113453745114636,0.0033173720732053726,-0.29667758540009365
DOCN,2022q1,0,1,-0.002911125788216064,-0.14233430458583018,-2.6776689958440696,0.0,-0.25598129159920857
DOCS,2022q1,0,1,0.0036852972465121173,0.3921497442687367,-2.4285661413078095,0.0006475971824478971,-0.40171821305841926
DOCU,2022q1,0,1,-0.0014291526367775026,-0.052416550166314295,-3.9220075745413037,0.014718653898747278,-0.7947562327860643
DOMO,2022q1,1,0,-0.019930510233155847,-0.4751046533224751,,0.014060321600726115,-0.6560682914759371
DRCT,2022q1,0,0,-0.01086485862578151,-0.05906799156436612,-3.537564231204714,0.02513699504601085,
DRI,2022q1,0,1,0.014894385088496429,0.10086161133570175,-1.9816879619153518,0.0,-0.2011365296625225
DRVN,2022q1,1,0,0.007824256755264374,0.07354539495177474,-0.9641812639512354,0.003907547849981057,-0.10931435963777499
DS,2022q1,0,0,-0.13372924739832856,-0.2749412890319214,-2.7782446009249284,,-0.5861027190332326
DSP,2022q1,0,0,-0.00801213506329975,-0.07487860376738839,-0.36586797408516714,0.00489127777877839,-0.829415715245131
DT,2022q1,0,1,6.902664364999818e-05,0.0036779697923471307,-2.3338377393270617,0.00502654142942026,-0.32488873673399526
DUOL,2022q1,1,0,-0.0033084246824961762,-0.14964294508741688,-1.9537405166432709,0.0,
DV,2022q1,1,0,0.0011184780411805603,0.04734137692172492,-1.6156888141684445,0.007182481207601252,-0.4645725082664147
DVA,2022q1,0,1,0.01488382870661473,0.05753995929094552,-2.369916679760777,0.03422652646659655,-0.3360458357552106
DXC,2022q1,0,1,0.06643841160578615,0.13223552894211577,-0.3948430552708085,0.06395550921098367,-0.22162300975860297
EA,2022q1,0,1,0.006324234368129705,0.1232876712328767,-1.5402791009413666,0.0,-0.14976972585859624
EAT,2022q1,1,0,0.02150532455844567,0.03733170134638923,,0.046160728810802014,-0.6438156831042845
EB,2022q1,1,0,-0.012620459190492294,-0.3254586129753915,-2.170511678283497,0.004308763173231397,-0.4594736842105263
EBAY,2022q1,0,1,-0.03986099993973388,-0.5400724929520742,-1.5621776507024443,0.07637075718015666,-0.3984099248507724
EBET,2022q1,0,0,-0.12372743835680583,-0.6231293892652937,-0.8512019745667991,0.024506982415979095,-0.8860398860398861
EBIX,2022q1,1,0,0.01873216526544431,0.06704209213527894,-0.3733894729763239,0.2509000249909852,-0.4963497167897569
ECOL,2022q1,1,0,-0.005979546505375468,-0.03743879160096274,-0.8713936175950413,0.011623309962813546,0.2790511727078891
ECOM,2022q1,0,0,0.0036463589987949926,0.04312362578906306,-0.9613092565137191,0.0,-0.40514075887392903
EDR,2022q1,0,1,0.015692412828225682,0.2168231934171234,-2.0116504144657124,0.012549884954179306,-0.25802959220498023
EEX,2022q1,0,0,0.06731190515497364,0.1634517766497462,,0.00915701589011581,-0.24489795918367338
EFX,2022q1,0,1,0.007662475387749515,0.16270539906103287,-2.017082163921457,0.11781384692363739,-0.23179331338423492
EGAN,2022q1,0,0,-0.0016863336432843088,-0.025727911646586346,-1.8690995090772258,0.009173445109643283,-0.1506968641114983
EGHT,2022q1,1,0,-0.03059629246976925,-0.2513177337185453,-2.100373683476029,0.017011473544055158,-0.8144812680115273
EGIO,2022q1,0,0,-0.027184944635764523,-0.33078555530633724,-1.6518320623307803,0.005697394919768726,-0.2666666666666666
EGLE,2022q1,0,0,0.057156146950187586,0.2878176552891029,-0.2914976086233566,0.057682564831707216,0.22856849862078862
EHC,2022q1,0,1,0.012374397271457768,0.06561187762447511,-1.0605744414369265,0.011693548387096775,-0.2731162451854926
ENFN,2022q1,1,0,-0.005051979409622946,-0.21279400134735363,-2.6993473180823226,0.0,
ENG,2022q1,0,0,-0.07903951271485388,-0.4914471897909313,-0.622551750410843,0.038145888450947574,-0.6858085808580858
ENSG,2022q1,1,0,0.010152612022222526,0.0705590479994954,-1.5315307857945282,0.020241026697134134,-0.15000475259507498
ENV,2022q1,1,0,-0.003396165423980871,-0.04312568652894079,-1.4542656066762187,0.0047454961200489145,-0.3043764829949907
ENZ,2022q1,0,0,-0.018795589046348666,-0.07798272924866358,-0.7742538615211372,0.029286357537997833,-0.34700315457413256
EPAM,2022q1,0,1,0.005318022898698203,0.07657726862260096,-1.8880157484731246,0.01622804391644358,-0.4230859558478159
EPAY,2022q1,1,0,-0.0029513663496758304,-0.05707090627749628,-1.811499236452166,0.0,0.5369471413160735
ESMT,2022q1,1,0,0.0005957136481743313,0.0305661945904219,-1.5095209093036084,0.005338129358754819,
ETRN,2022q1,1,0,0.027694124329495112,0.2955843411876801,-0.5831059698064527,0.007126270785534161,-0.19730653724964384
ETSY,2022q1,0,1,0.005454198395492044,0.14865191466442015,-3.1495087559992445,0.0006555100896486813,-0.6443354061406917
EVBG,2022q1,1,0,-0.011084770047950138,-0.19001743462017434,-1.7212048818296035,5.485847199955016e-06,-0.7950470311581422
EVC,2022q1,0,0,0.003396364620655858,0.009570324386829773,-0.7915815226240211,0.013643079401445435,-0.3057969993887699
EVCM,2022q1,1,0,-0.005158343828235587,-0.09269655095559147,-0.9695257012762593,0.006703431587756518,-0.4682352941176471
EVER,2022q1,0,0,-0.011768339398538257,-0.051634878615119124,-1.556139967781009,0.016724526177519235,-0.7294981640146879
EVH,2022q1,1,0,-0.0018236220165178151,-0.018010011546605535,-1.5685882346240556,0.004812757952998509,0.45407196969696967
EVI,2022q1,0,0,0.00017502886795204528,0.00066620032643816,-0.687029984279,0.011979666733274523,-0.6482394366197182
EVOL,2022q1,0,0,-0.022009013896979967,,0.5022705556820272,0.0,-0.5573770491803278
EVOP,2022q1,1,0,0.0021833522438983797,0.020350440414099554,,0.015646559838761474,-0.15212689257390047
EVRI,2022q1,1,0,0.01642118882996395,0.17949389577259475,-2.204641630473304,0.0037128207413017894,-0.3460304731355253
EWCZ,2022q1,1,0,0.0010047670712408324,0.04149605952538194,-1.6904076585045116,0.012096324919785751,
EXAS,2022q1,0,1,-0.014862292101126596,-0.3718614549572416,-1.318143358867418,0.0030368827725656597,-0.6831308824712412
EXFY,2022q1,1,0,-0.006174656713629643,-0.18270993311865247,-2.649172551661149,0.08604021849567937,
EXLS,2022q1,1,0,0.00760465777793377,0.10989404874729654,-1.9158781938920824,0.0426095818991659,0.3865047995482779
EXPD,2022q1,0,1,0.02004246473539855,0.07420387805410375,-1.5010011279391795,0.010693322631128509,-0.22192383489173545
EXPE,2022q1,0,1,-0.004003090249936692,-0.0542463317029791,-2.1452295130252215,0.0,-0.4207439985339931
EXPO,2022q1,0,1,0.0052580722785013105,0.23045968959666246,-2.6787717326162452,0.00859852189627365,0.03425094419836853
FA,2022q1,1,0,0.004214203728667861,0.06853239660629552,-0.9910884230278074,0.00328529299422959,-0.36363636363636365
FAT,2022q1,0,0,-0.21671970732264356,-0.24388365861421107,,0.12069732842333918,-0.4598961380490507
FC,2022q1,0,0,0.0028955305423345045,0.03318079824731886,-2.018959742114139,0.03801442620703834,0.42751159196290567
FCN,2022q1,0,1,0.010985248583998701,0.08197811005776512,-1.2027389868220815,0.0,0.32384159285557407
FDS,2022q1,0,1,0.0066820238207370005,0.2550061583924624,-2.6049445032647247,0.013061478242593055,0.15556295595816996
FDX,2022q1,0,1,0.01854221801995168,0.04703692737193858,-0.8941315081869959,0.02985447282065915,-0.22909730737385553
FICO,2022q1,0,1,0.00851523003219442,0.29222973445876904,,0.08745463290917836,-0.20247473541815872
FIS,2022q1,0,1,0.001960300683301331,0.03436426116838488,-0.2634806054969201,0.06172565826744501,-0.342240747541865
FISV,2022q1,0,1,0.010116014175342759,0.16167230546157563,-0.7266161636788285,0.0073141645687027955,-0.16764898493778652
FIVN,2022q1,0,1,-0.004469409406381032,-0.1866755664005865,-3.5727305459950625,0.008528309190126178,-0.5030263373139211
FLGT,2022q1,1,0,0.08155411602629416,0.480781720309241,-0.36326529898844817,0.004152593835929558,-0.4087607069283314
FLL,2022q1,0,0,0.0003342741596959112,0.0026555295367308015,-1.0661732020849406,0.014636954634828973,-0.3883299798792756
FLNT,2022q1,0,0,-0.012210976000811518,-0.022601978374858247,0.25236519969036486,0.023559705992600922,-0.5938566552901025
FLT,2022q1,0,1,0.011235545344750453,0.2761539251001912,-1.898960073399105,0.13549870185191865,-0.17945012887604464
FLYW,2022q1,1,0,-0.0031015424001710696,-0.1572196489706133,-1.9233754488369472,0.0,-0.520141535111595
FORG,2022q1,1,0,-0.008968165337131177,-0.3424614808807935,-1.7277453996906957,0.0023511999154244637,
FORR,2022q1,1,0,0.0038729404392739836,0.03319170047451009,-1.6659733996087691,0.0,0.04454148471615735
FOUR,2022q1,0,1,-0.0014539172936962068,-0.018661358546902214,-2.5124370169509542,0.0018091361374943465,-0.647247119078105
FOXA,2022q1,0,1,0.012744011730318309,0.08191027496382056,-0.6828657734916465,0.0,-0.12317908166206334
FRGI,2022q1,0,0,-0.00705659159763091,-0.01418276522084741,-0.22202926926400235,0.00018200469903041134,-0.46835443037974683
FROG,2022q1,1,0,-0.007507651962796026,-0.30934438583270535,-1.41664148041325,0.008413164003568443,-0.5371265377855888
FRSH,2022q1,0,1,-0.009685833560578701,-0.42795083611748386,-1.5169025840582213,0.0,
FSLY,2022q1,1,0,-0.031958370174840094,-0.6276884608622609,-0.7221176631763662,0.02129568506336373,-0.8052013422818792
FTAI,2022q1,1,0,-0.08699433218611967,-1.6119748402121314,-1.2108318957568232,0.0,-0.3895590087682345
FTDR,2022q1,1,0,0.0008155241119727516,0.005698005698005698,,0.01606805293005671,-0.5166599759132878
FUBO,2022q1,0,0,-0.138983481375293,-0.5814584805325201,-0.38856244589915895,0.010344424905204154,-0.9230769230769231
FUN,2022q1,1,0,-0.028402647438374864,-0.895522841098801,,0.0217559460494405,-0.020521971893821142
FWRD,2022q1,1,0,0.016203699747036105,0.09141234492816316,-1.4600286515112575,0.04676698611422979,0.034305657827517114
FWRG,2022q1,0,0,0.006021421047313514,0.026803456721659964,-0.4100666495559733,0.04076768546966844,
GAIA,2022q1,0,0,0.0008546355599325299,0.003939352297192066,-0.10231671731722537,0.0,-0.6132848043676069
GAN,2022q1,0,0,-0.02209197811329746,-0.1199925321384755,0.06365815578488232,0.0,-0.8199513381995134
GATX,2022q1,1,0,0.017264359710906247,0.23941882501579279,-0.7563597915258471,0.2509000249909852,0.08679602067798617
GCI,2022q1,0,0,-0.004607613369592024,-0.003966169257977454,-0.2239618843398778,0.02258354131915042,-0.4717668488160292
GDDY,2022q1,0,1,0.004879200748823625,0.06821581729330807,,0.003492095692115978,-0.2000919963201471
GDEN,2022q1,1,0,0.02153337813628832,0.13179897969624768,-1.6145847047441715,0.024577047250892846,-0.11718750000000001
GDRX,2022q1,0,1,0.0015865227906878654,0.06045866551254371,-2.2876389536920887,0.008276518401797276,-0.8356012218828103
GH,2022q1,0,1,-0.01826251198126424,-1.2823026254175383,-2.5383446755971364,0.0,-0.6751751348739834
GHC,2022q1,1,0,0.031889171693879656,0.10453897964515957,0.39988880636867746,0.024408380497316896,-0.09667795968856194
GNK,2022q1,0,0,0.042065849398771914,0.3060259713566327,-0.05920603938763024,0.001611988673252808,0.11356338267580972
GOGO,2022q1,1,0,0.010502796239534007,0.2393099730458221,,0.16036919484878334,0.4226713532513181
GOOGL,2022q1,0,1,0.008940419008462337,0.24166678919586537,-1.9792968580346404,0.0,-0.10751538830120533
GPN,2022q1,0,1,0.006342779812837038,0.11349915176968947,-0.41830606618146843,0.013592328953328318,-0.40570221744838214
GRIL,2022q1,0,0,-0.12492875730878444,-0.6458162007465951,0.40187781021652436,0.02933071180901569,-0.725
GRPN,2022q1,0,0,-0.06070031180349357,-0.22731541873206365,-1.133415562390985,0.09353198279385644,-0.7381835032437442
GSAT,2022q1,1,0,-0.007746092315612945,-0.6243744660075674,-2.0233998297774822,0.0,-0.30898876404494385
GSKY,2022q1,1,0,,,,,
GTIM,2022q1,0,0,-0.04889450824501839,-0.06399380897103908,-0.40385671545823015,0.05835018956350654,-0.2640586797066015
GTLB,2022q1,0,1,-0.005807066141069154,-0.5885264023857267,-2.2889387693866725,0.0,
GTN,2022q1,1,0,0.02947675131294257,0.07496977025392987,-0.1535261018526128,0.00952038800071852,-0.2668903026088904
GVP,2022q1,0,0,-0.07868911923669386,-0.27975560081466394,-0.7770988290989218,0.02056797343509937,-0.3016759776536313
GWRE,2022q1,0,1,-0.005146049992153702,-0.19879980257338747,-1.6751734704039027,0.0,-0.370209368346345
GXO,2022q1,0,1,0.004521141614396285,0.017762842054728757,-1.237155943647101,0.06834128543362335,
H,2022q1,0,1,-0.006953499549337155,-0.05707584050039093,-1.0916176679488678,0.003231145086295216,-0.048042246264812
HA,2022q1,0,0,-0.12167707133800902,-0.2573457610212609,-0.8717893339042827,0.03592517382393951,-0.4128026261797292
HCA,2022q1,0,1,0.01673057668102999,0.08517898962863835,-3.9220075745413037,0.028463070793748085,-0.17967510671689807
HCAT,2022q1,1,0,-0.01611089939067634,-0.3298427012498715,-1.0642280903848016,0.004102220945329178,-0.7389659520807061
HCCI,2022q1,0,0,0.017970629761588492,0.09240417318427738,-0.6983429851895692,0.03847065005388171,-0.09164420485175198
HCKT,2022q1,0,0,0.01440954466726359,0.13883749207020513,-1.5789827099741018,0.00994506944277867,0.07517119170153608
HCP,2022q1,0,1,,,-2.0446826764183488,0.0019277256840192773,
HCSG,2022q1,1,0,0.008244300671428392,0.026543364627434625,-1.12385277080333,0.01339556017553542,-0.42291259725524477
HCTI,2022q1,0,0,-0.04413903353867062,-0.18189218523878437,-1.1449632030158603,0.0767503480486819,
HEES,2022q1,1,0,0.010357030306534025,0.05981280968985135,-1.6206957352364073,0.0,-0.10365313675545347
HEP,2022q1,1,0,0.026569811698645272,0.412311352934325,-0.7361762377259803,0.0038026469101378473,-0.2373008498519702
HGV,2022q1,0,1,0.008176571069907523,0.06546854942233633,-1.105422528186984,0.0,-0.13674800676491916
HIL,2022q1,0,0,-0.005840502361740689,-0.005320917858330562,0.07656246376141199,0.0508490204701176,-0.3253012048192772
HIMS,2022q1,1,0,-0.015501921353716927,-0.1604121839035079,-1.162862954329713,0.003633136931046307,-0.5840220385674931
HLT,2022q1,0,1,0.005005127386750447,0.1231841952353283,,0.002910925674364448,-0.07505363180419726
HMHC,2022q1,1,0,,,,,0.9048913043478264
HMTV,2022q1,0,0,-0.071579077195025,-0.2710711285067317,0.25289837574136204,0.004528304460277598,-0.3533898305084746
HQY,2022q1,0,1,-0.005805474915559551,-0.16142884548222552,-1.1155991588850438,0.006733283941112973,-0.23720178926441354
HRB,2022q1,1,0,0.15711642249761487,0.3265064699671203,-3.9220075745413037,0.1816014114310363,0.5655690280137771
HRI,2022q1,1,0,0.011788233735717414,0.10312004230565838,-1.590292777053239,0.011594878751907749,-0.18607736189229188
HRT,2022q1,1,0,0.008517852286299981,0.05819506720815657,-1.0741185398281667,0.005486775556710589,
HSC,2022q1,0,0,-0.04108304291219945,-0.08798424017826974,-0.2163093744597292,0.01629581128240622,-0.6518119490695398
HSII,2022q1,0,0,0.02381509247780984,0.06467463060829244,-0.7933046334550584,0.021174176950596937,-0.2627344405040439
HSON,2022q1,0,0,0.02730294178233118,0.05815050946703392,-0.9493353064978596,0.02007581740641289,0.7790368271954675
HSTM,2022q1,0,0,0.004694401472783671,0.04425780592653786,-0.6473523151457125,0.0,-0.22297780959198282
HTLD,2022q1,1,0,0.015105272818478897,0.1108907618575442,-0.4025405052924941,0.0,-0.15962502559990002
HUBG,2022q1,1,0,0.03266806474761789,0.0674073258081091,-0.6297210750734025,0.04387833541541199,0.07517429524098201
HUBS,2022q1,0,1,-0.00041345385141470164,-0.02361229426768015,-3.2993412270845366,0.022329008716985118,-0.4840575233388249
HURN,2022q1,0,0,0.027169397998694236,0.10141440846001322,-0.5290494522402794,0.008825727951883234,0.3222787385554425
IAC,2022q1,0,1,-0.026350741855138488,-0.17791442982770525,-0.17645379808186484,0.002522378542428425,-0.507232276058896
IAS,2022q1,1,0,0.0005438011081741512,0.012987158512807871,-1.0077053302729266,0.005015358013320415,-0.5174927113702623
IBEX,2022q1,0,0,0.02249719059615325,0.05110450165752703,-1.1079163980207587,0.14034921973850695,-0.1357581967213114
ICFI,2022q1,1,0,0.010110414820381853,0.04320044114659417,-0.7881340344461758,0.02181703084905554,0.08754599569684529
IDN,2022q1,0,0,-0.03082660728470949,-0.43240058910162005,-0.9221075336768653,0.0,-0.7586618876941458
IDT,2022q1,0,0,0.008478242526888174,0.0222127942371936,-1.6897927892015958,0.0,-0.3195346320346321
IHRT,2022q1,1,0,-0.0180911120743616,-0.05759860004884653,-1.1247740926723446,0.017784720828022495,-0.7070181953212031
III,2022q1,0,0,0.014974219376578512,0.06794096164712043,-1.2176198176724256,0.01833078975863039,0.1768082579840837
IIIV,2022q1,0,0,-0.008197795469607541,-0.09438044034818228,-1.1405092162527697,0.00605702926011058,-0.17207147584381202
IMAC,2022q1,0,0,-0.11713996685049485,-0.8118446728616895,-0.5894425482836686,0.06546709783519179,-0.5811616161616162
INCY,2022q1,0,1,0.0021613815010766576,0.0518142205432092,-1.5151652882911129,0.0005532009779548618,-0.0969927493165339
INFA,2022q1,1,0,-0.000684626725294933,-0.00879267663317207,-0.8371421860133719,0.0076432258953726745,
INNV,2022q1,0,0,-0.0032424690538523046,-0.01590559261159569,-0.9102185280560909,0.012556633840387967,-0.7944626935710934
INOD,2022q1,0,0,-0.014825718011241539,-0.13283314458286147,-2.0363980017077816,0.03715367531947428,-0.3085714285714286
INPX,2022q1,0,0,-0.2827929010319716,-2.143184859491493,0.6691025719677384,0.04711969393332119,-0.8547008547008547
INST,2022q1,1,0,-0.001964044480924616,-0.0488709876434401,-0.7914010661489778,0.00529777812362455,
INSW,2022q1,0,0,-0.014529869945309632,-0.12811138921187995,0.2642875277224869,0.07992840340523276,0.19637949459033463
INTA,2022q1,1,0,-0.01948652779956886,-0.4125001794352813,-1.745524136555174,0.0,-0.47714285714285715
INTU,2022q1,0,1,0.0007353614330706149,0.03741114852225964,-2.165612990890601,0.0,-0.2097394048368217
INUV,2022q1,0,0,-0.0356660791961281,-0.11226941856754187,-0.6307276381894213,0.011114937901495583,-0.4870997824059683
IOT,2022q1,0,1,,,-1.9378066116480097,0.013678553046725968,
IPG,2022q1,0,1,0.011413530214875496,0.06205956784115242,-1.3700077355904348,0.01845544687347952,-0.12486236275591736
IQV,2022q1,0,1,0.007379303338725048,0.09108744394618834,-2.006978431011333,0.0036044695422323683,-0.10453119841531852
ISIG,2022q1,0,0,0.003066138983751932,0.010084580351333767,-1.808861151661952,0.008783783783783784,-0.07720144752714099
ISPC,2022q1,0,0,-0.050377771690178784,-0.9464327548062365,-0.5366251399794841,0.004751779927225133,-0.6980609418282547
ISSC,2022q1,0,0,0.010269126234262372,0.2088237386850294,-1.6255208508659413,0.0,0.14832535885167475
IT,2022q1,0,1,0.00704798446305037,0.13661957330883634,-3.9220075745413037,0.0009161896873402484,-0.0015276630883566315
IZEA,2022q1,0,0,-0.02399157989580466,-0.27853198381401995,-0.35339092832419705,0.00035842840557609034,-0.6478431372549018
JACK,2022q1,1,0,,,,0.08586565646686334,-0.4861268983939927
JAMF,2022q1,1,0,-0.006156824230132783,-0.23674000997616804,-1.7520029896470823,0.0,-0.2621388144176348
JBHT,2022q1,0,1,0.011565172980021068,0.06974884967786393,-1.8666554964964335,0.04994552713112923,-0.026127025430299322
JBLU,2022q1,1,0,-0.053171569781030575,-0.14688940092165897,-0.2873615587386622,0.035427081069332754,-0.5011918951132301
JKHY,2022q1,0,1,0.005902855767667148,0.17711495839083344,-2.3796302030386034,4.4452210133079354e-05,0.11325180683829363
JOB,2022q1,0,0,0.017252250901655247,0.027429407756945672,0.4500961060798244,0.013941983359568248,-0.08900523560209413
KBNT,2022q1,0,0,-0.14917903779780292,-2.9129366403705443,-0.0894035814547935,0.0015706186996594417,-0.8844133099824868
KD,2022q1,1,0,-0.07773214026953446,-0.05168133604152562,-0.08313561550934591,0.03496503496503497,
KELYA,2022q1,0,0,-0.055699695537761,-0.0367170626349892,0.39891093500987956,0.005851522113727743,-0.16322269544691162
KEX,2022q1,1,0,0.004011587731406847,0.028543735735499738,-0.4004414472717462,0.006976119456222719,0.0032981530343008385
KFRC,2022q1,1,0,0.012133160315742474,0.046001242304546885,-2.076431409919246,0.010287179835843277,-0.008937023488844372
KFY,2022q1,1,0,0.02402575179521701,0.12278306927744263,-0.8242022335197019,0.013963327194421263,-0.19478825462913446
KMI,2022q1,0,1,0.015555714620830774,0.1553692056836711,-0.30182449837466463,0.05244810877269111,-0.02250392590273279
KNBE,2022q1,1,0,0.00033818191138283596,0.01812535817573601,-2.882888772333122,0.005704562770425661,-0.5004796929964823
KNX,2022q1,0,1,0.024843424504100785,0.11403297994678677,-0.2423858027275682,0.025053558376058802,0.026840524236799203
KRUS,2022q1,0,0,-0.003508224613963657,-0.06005113454777884,-1.7989934802853809,0.041282708858558635,0.30307813733228106
LAUR,2022q1,1,0,-0.021627700570277256,-0.21096758492672849,-0.6710889973764382,0.04184179719658466,0.4180164106897529
LAW,2022q1,1,0,-0.005990562970760194,-0.34376813276082163,-2.0259406739845516,0.0024797210758502916,
LBRDK,2022q1,0,1,0.013162212673459761,0.6520954223081883,-0.8614345989642987,0.001503307276007216,-0.33410111712541746
LDOS,2022q1,0,1,0.01153030228521402,0.0500858614768174,-1.3315150589257643,0.042670759785111284,0.011055567650832116
LEE,2022q1,0,0,-0.04537229674369062,-0.038291915332554445,-1.063414954374025,0.011019598919287252,-0.32897526501766794
LFST,2022q1,1,0,-0.016471983420516687,-0.30689086388143477,-0.89733365373156,0.0,-0.8004307250538407
LGMK,2022q1,0,0,-0.06555938797752307,-0.3514802220810237,0.2781136333660606,0.0,-0.8775143274525228
LH,2022q1,0,1,0.019962767570524686,0.12606421171402196,-0.8315826982637745,0.009720962544142337,-0.14793158712804494
LHCG,2022q1,0,1,0.003641920590764291,0.034040542786901024,-1.1760962141448645,0.012784946017380432,-0.22231099570558266
LINC,2022q1,0,0,0.0013859039201232195,0.0032948130920367274,-0.42271934995084265,0.03902839186896916,-0.1889460154241646
LIND,2022q1,0,0,-0.05445152578201054,-0.6149367685641011,,0.030494804522771476,-0.4940662086196128
LOCO,2022q1,0,0,0.0049535828435667475,0.019218886304158186,-0.3022043697425666,0.03312877395641901,-0.4620010934937124
LOPE,2022q1,1,0,0.016929504969072973,0.2378949179340769,-1.5802502316182518,0.008181744930780738,0.04690452373013226
LPG,2022q1,0,0,0.06083632838070166,0.44460189331860017,0.4587321476288381,0.04986364637379811,0.4587741044926694
LPSN,2022q1,1,0,-0.03688342903751424,-0.5020392174934907,-2.285087326557479,0.0040396221823759855,-0.7764073371283997
LQDT,2022q1,0,0,0.019659298487990993,0.17532039545953862,-1.5213419486329929,0.015555290641177087,-0.4719056974459725
LRN,2022q1,1,0,0.027609900295230663,0.10177083481535229,-0.6888710605270914,0.032267365795042594,0.2695300342359165
LSTR,2022q1,0,1,0.022192983994136956,0.06335078826285814,-1.8825595570567335,0.06413000601716774,-0.06356290097709051
LTBR,2022q1,0,0,-0.023180671020262337,,-1.134446903897739,0.0,-0.3677069199457259
LTH,2022q1,1,0,-0.013525030394208272,-0.09678932528412712,-0.3012244054831147,0.011126970493128536,
LUMN,2022q1,0,1,0.05193609362064109,0.12810094097519248,0.06288717173786187,0.012853869083515688,-0.12729892318043656
LUNA,2022q1,0,0,0.03847517852751292,0.42618210933677325,-0.9955505872578592,0.04579545847302388,-0.4616805170821791
LUV,2022q1,0,1,-0.010247239341117778,-0.059224541968470386,-0.957173689954315,0.01757822983200043,-0.3196458843473348
LVS,2022q1,0,1,0.08519585141823958,0.6520954223081883,-1.8483649626022371,0.0032363914235627273,-0.36249762763332694
LYFT,2022q1,0,1,-0.014713325089811694,-0.22491734003369215,-2.447420923197956,0.010844162816370219,-0.7804232804232804
LYLT,2022q1,0,0,0.0025022807171559487,0.006570073251799025,-1.2839649046170383,0.02669616158472193,
LYV,2022q1,0,1,-0.0018990363283108995,-0.027835465562611215,,0.0468787191685031,-0.05719831030939611
LZ,2022q1,1,0,-0.010909536616030523,-0.1984903604847966,-2.6931724827446364,0.003562687334834968,-0.7096433289299867
MA,2022q1,0,1,0.007531548993824307,0.5091929552932069,-3.8956421161917048,0.020934800742674165,-0.13143274479745898
MAN,2022q1,0,1,0.018180120511050377,0.017809577508603427,-0.6786198948014224,0.05273065805310099,-0.33838566142429954
MANH,2022q1,0,1,0.003492150876660034,0.17094704843648717,-3.6974520870935454,0.0,-0.20878210439105224
MANT,2022q1,1,0,0.008909824388398126,0.046393652532399764,-0.7305047071925443,0.012192881222097367,0.12489380286552297
MAR,2022q1,0,1,0.006573764694399066,0.08978328173374613,-3.4770496540316467,0.02896426024249148,-0.0019025509921182905
MARA,2022q1,1,0,-0.00449903326968589,-0.25056382513699027,-1.3139333132264244,0.0019341203577610505,-0.8297736691106152
MARK,2022q1,0,0,-0.2954760587213936,-5.448682236983073,-2.643332238131995,0.2509000249909852,-0.7629032258064516
MATX,2022q1,1,0,0.06936456210910706,0.29103389103389105,-0.9397441321924521,0.05619107479572596,0.15507926014048742
MCD,2022q1,0,1,0.006039092300496068,0.19493081050550692,,0.01993604270633303,0.09264175732863085
MCG,2022q1,0,0,-0.12665097468650116,-0.31498166743052375,-1.2455963055198558,0.018194770305435214,
MCHX,2022q1,0,0,-0.016343620262964455,-0.12011236808139093,-0.6480434881927473,0.03540839934423216,-0.5686274509803921
MCO,2022q1,0,1,0.007999724346847807,0.3272010512483574,-3.1826287001580345,0.041183255309044035,-0.2434734327897416
MCRI,2022q1,1,0,0.011106785317181884,0.16726675160176518,-1.2546612122150864,0.029907220910311616,-0.1133444158984434
MCS,2022q1,0,0,-0.02678839446857419,-0.11268734592640765,-0.23047446614587394,0.06671593893515723,-0.3036303630363037
MCW,2022q1,1,0,0.007962053080740319,0.16173622156695638,-1.8492502463986071,0.015368701403463771,-0.49465861588481186
MD,2022q1,1,0,-0.010435504021510257,-0.04393763129135743,-0.8393827745640865,0.009948414678322205,-0.30315091210613593
MDB,2022q1,0,1,-0.003275221927087483,-0.3168851831560936,-3.655165438891519,0.0033001468001966046,-0.28219738880283246
MDRX,2022q1,1,0,0.008733987414178917,0.16020662778961534,-0.6596327115715067,0.0024573552981065772,-0.19881145326850358
MEDP,2022q1,0,1,0.01063860682432116,0.18525927112196214,-2.2539701094378826,0.0,-0.15263545264111425
MEG,2022q1,1,0,-0.0047981527588332,-0.055954855954855956,-1.6042207151994012,0.026061537877493688,-0.3708535221766679
MESA,2022q1,0,0,-0.2703649643022065,-0.3472279710744808,0.8609931937434642,0.09478067855021148,-0.7652733118971061
META,2022q1,0,1,0.01233372571800022,0.26748602551239786,-1.5916069735261125,0.007057691605061565,-0.536251473929424
MG,2022q1,0,0,-0.027460623431842458,-0.03317415348071903,0.009109412132836794,0.0441917680930894,-0.39572736520854523
MGI,2022q1,0,0,0.00532322202315259,0.01657997399219766,,0.0,-0.007936507936507943
MGLN,2022q1,1,0,,,,,
MGM,2022q1,0,1,-0.0009781265281424878,-0.006311860418756344,-0.6229020405384801,0.036730396283260504,-0.3210466166340895
MGNI,2022q1,1,0,-0.025520748329200264,-0.3776667372432776,-0.7349296975798435,0.008815990092219428,-0.7375886524822695
MHH,2022q1,0,0,0.010941741653965853,0.03902602292695172,-1.0047775636345881,0.05113208193464411,-0.006020066889632098
MLNK,2022q1,1,0,0.005131747640557744,0.10279847156170108,-0.9425419959089504,0.0030857002056501673,
MMP,2022q1,0,1,0.01587966020621733,0.24529420483177708,-1.7546465957945718,0.00994945136234743,0.0619982387482646
MMS,2022q1,1,0,0.010794083112328573,0.04255066141408582,-1.0939718021281781,0.031804203621689627,-0.27882468147556166
MNRO,2022q1,1,0,0.005791863692826878,0.02626284181324879,-0.6417933901540269,0.04102998163953207,-0.31030534394263226
MNTV,2022q1,1,0,-0.015272742671187655,-0.31949976920315254,-2.0693351064077956,0.013184751647807282,-0.58234456573327
MODN,2022q1,0,0,-0.008202729741299777,-0.15088213213213214,-2.0053366629481637,0.012514145709043365,-0.25357455500437714
MODV,2022q1,1,0,0.0001417311734401665,0.0005530983071365336,-1.7857536263451677,0.004665439965470633,-0.5031457635091433
MQ,2022q1,0,1,-0.010112213045524818,-0.36482402379260936,-1.356379902237707,0.0,-0.7110794442465266
MRAI,2022q1,0,0,-0.15023926682426497,-0.8827516258699754,-0.40103781489058943,0.02051814387162787,
MRIN,2022q1,0,0,-0.04467227833793373,-0.38732803720209263,0.008187754100079932,0.019985928081084677,-0.8462255358807083
MRTN,2022q1,1,0,0.018668935315523476,0.09583996157072693,-0.8212137033688142,0.0,0.06597710530117055
MSCI,2022q1,0,1,0.005589266960945966,0.4079382796524659,,0.0,-0.2207482102921173
MSFT,2022q1,0,1,0.007237301002380882,0.33889789303079415,-2.6523070595344618,0.005075346699283532,-0.04419659323605375
MSGE,2022q1,1,0,-0.006137541519096544,-0.038013418034586105,-0.2950813145168494,0.023833515010252816,-0.3733476241514827
MSGM,2022q1,0,0,-0.6141237081244348,-4.557067783141319,-0.10539528674120754,0.006154865027880624,-0.9529642857142857
MSGS,2022q1,1,0,0.005640957938059774,0.07254258764736185,,0.05383007289336275,-0.12499275656255429
MSTR,2022q1,0,1,-0.02382347997985642,-1.0961962490672972,-1.8499648496187102,0.002897987487312372,-0.7527464258841234
MTBC,2022q1,0,0,0.01472154255525475,0.03225715175009196,0.27836960399660643,0.027603299932726692,-0.5932304038004751
MTCH,2022q1,0,1,0.005822325777733931,0.22605308333886362,,0.016772042154954016,-0.5678139534883722
MTN,2022q1,0,1,0.021164733299462685,0.24642291803405275,-1.7723157210422529,0.010007626682524974,-0.2964259010604071
MTTR,2022q1,0,0,0.20533733133433285,0.6520954223081883,0.6332581701740377,0.0,-0.7742134484885873
MULN,2022q1,0,0,-0.31282040962328667,,-0.742504721800991,0.16644054560292942,-0.9210526315789475
MXCT,2022q1,0,0,-0.0057322358745406305,-0.35101360551395705,-0.9955793973951339,0.001650425907493662,
NATH,2022q1,0,0,0.009680694442676113,0.0871144840949459,,0.023549340261857454,-0.1564099135235734
NATI,2022q1,0,1,0.004709120081048564,0.0655044957119422,-1.4902697157727625,0.006403671212878982,-0.24073383549397345
NCLH,2022q1,0,1,-0.10768469437488541,-1.8828102847070545,-1.800590362156481,0.05243911711006917,-0.6218973138388303
NCMI,2022q1,0,0,-0.1222783243617421,-0.7019498607242339,,0.0038948393378773127,-0.8048841775198583
NCNO,2022q1,1,0,,,,,-0.48397863818424564
NDLS,2022q1,0,0,-0.024406905146526225,-0.057115189850926604,-2.106567029114215,0.08574422983551035,-0.6233974358974359
NEO,2022q1,1,0,-0.03278755849500795,-0.42168150278657324,-0.337738842643683,0.003595972117688149,-0.8195705114013726
NET,2022q1,0,1,-0.001066742157602217,-0.19503975641829313,-3.9220075745413037,0.011599656577096615,-0.5866402116402116
NEWR,2022q1,1,0,-0.012543253885284898,-0.26980539678836657,-2.618454030114639,0.007777029081031558,-0.25265044049574437
NHC,2022q1,1,0,0.014117396859556833,0.05490657136814788,-0.17477166350707962,0.024149398936338762,0.0318140484702727
NLOK,2022q1,0,1,0.0077765729107470176,0.16759776536312848,,0.14662249747947573,-0.17740655404669134
NLSN,2022q1,0,1,0.010716422933727003,0.11972633979475485,-1.0020827670407753,0.003216320529314464,-0.04819179432322959
NOTV,2022q1,0,0,-0.009132425969550183,-0.043381582604605416,-0.07654594621094295,0.009386346223213368,-0.6401799100449774
NOW,2022q1,0,1,0.0006733825351505683,0.04355400696864112,-3.327385741725955,0.015919221322659875,-0.1347102174506414
NRC,2022q1,0,0,0.008547891315243276,0.22213261881844906,-2.506283334823189,0.028291784739543205,-0.1510698255326849
NRDS,2022q1,0,0,-0.013057059913874099,-0.08133230054221534,-1.146970615491678,0.0,
NS,2022q1,1,0,0.007754767356956049,0.03003930581682172,-0.5431892775283564,0.014835889413587919,-0.14187916085611538
NSC,2022q1,0,1,0.01034170286053501,0.2411663807890223,-1.6193757339222792,0.029292954955412717,-0.12874999016136607
NSP,2022q1,1,0,0.018152695069586843,0.044291013583785906,-3.9220075745413037,0.0,0.14490265582245293
NTCT,2022q1,1,0,-0.0035491172399364558,-0.04396650469948899,-0.13934911683136286,0.003571843319688898,0.18605466012613883
NTNX,2022q1,0,1,-0.019771301320745265,-0.2785434333702107,,0.0815105437491093,-0.6172161172161171
NTRA,2022q1,1,0,-0.03568581428339093,-0.7139177780181628,-1.9686741475552638,0.04372898946765164,-0.6878358143222056
NTWK,2022q1,0,0,-0.006431012122910255,-0.018803050083100306,0.2885051503534938,0.12585067991463889,-0.3237791932059448
NVEE,2022q1,1,0,0.004196465209145552,0.04544737423351599,-1.1694554502581105,0.019101883309215056,0.23521320495185682
NVTA,2022q1,1,0,-0.0999222685442824,-1.470268653337753,0.44634886091294673,0.0037126410383062085,-0.9276608360509931
NWSA,2022q1,0,1,0.006281475088547264,0.03290529695024077,-0.32670403769638706,0.01756702451346231,-0.3897543983260696
NXGN,2022q1,1,0,0.0002489012159106192,0.002300689545746038,-1.195345105047586,0.012887263133410019,0.05123568414707664
NXST,2022q1,0,1,0.03255579148375683,0.20791670109908272,-0.9727196075772343,0.007562563021358511,0.12299038147475723
NYT,2022q1,0,1,0.0006152554908183924,0.008791924454575058,-1.6364081844934328,0.0,-0.3552561091420915
OB,2022q1,0,0,-0.003078126944021913,-0.0074346225257261546,-0.852812021579052,0.0,
OBLG,2022q1,0,0,-0.224669591638526,-2.9627937336814623,0.03516124382441747,0.016302777663130957,-0.9088235294117647
ODFL,2022q1,0,1,0.008737180479917167,0.20019702393673863,-2.281657212404592,0.0,0.01314275441850844
OKTA,2022q1,0,1,-0.010196048959664833,-0.6297037975014034,-1.384918218423824,0.0017591284525502963,-0.6305378453490272
OLO,2022q1,1,0,-0.005461171953386803,-0.2691785948171017,-1.0950163117811558,0.0033073614930811883,-0.7360256753142552
OMC,2022q1,0,1,0.009797465707674655,0.05096325836436677,-1.6092283023481828,0.0004742653667715915,-0.1735766816240583
OMEX,2022q1,0,0,-0.08612021186457416,-5.448682236983073,,0.2509000249909852,-0.4638364779874214
ONEM,2022q1,1,0,-0.042689630268120095,-0.3575690077213088,-0.23903529876672777,0.012833446775825694,-0.7628554143980641
ONTF,2022q1,0,0,-0.02463710435611006,-0.31920729192444114,-0.6362077354376913,0.008869836928296923,-0.7325253664036075
OOMA,2022q1,0,0,-0.00027178612902428777,-0.001960823149596942,-1.9649365929251215,0.0,-0.3722163308589608
OPCH,2022q1,0,1,0.005891176755255346,0.033059105640631414,-1.4365708069873602,0.008577704153458529,0.2706904435299496
OPGN,2022q1,0,0,-0.19482065689331787,-5.448682236983073,-0.02176347692402026,0.23139009023002116,-0.7596916299559471
ORCL,2022q1,0,1,0.010505732621735542,0.2205840388090935,,0.05750892824270093,-0.08903621965346914
OSG,2022q1,0,0,-0.002791345096452139,-0.004894277829594515,0.6177455375957269,0.11078019612091818,-0.01913875598086126
OSH,2022q1,0,1,-0.01489695742501363,-0.18781627092253794,,0.0,-0.7193102270787092
OSPN,2022q1,0,0,0.009026686734534389,0.09941464716761683,-0.9490808322727069,0.0,-0.5340642129992169
OTRK,2022q1,0,0,-0.3373773529914393,-2.785279573982503,-0.30232591870296294,0.010337952180687967,-0.9673645320197045
PAGP,2022q1,1,0,0.009808613554982555,0.0016065430115378997,0.8609931937434642,0.02813291238160733,-0.0896965845608601
PARA,2022q1,0,1,0.017656903231476055,0.059088427947598256,-0.057313792523382937,0.00025842909567045123,-0.43699672442424464
PATH,2022q1,0,1,-0.005392328147202007,-0.21784755158820565,-1.8065788802448208,0.0,-0.7322243485941411
PATI,2022q1,0,0,-0.017794012967422536,-0.023413608562691132,0.08010534220190746,0.01963231716346866,-0.11683789399214689
PAY,2022q1,1,0,0.000673457476928021,0.014721003564573622,-1.880425565447134,0.002780893864601641,-0.6233802816901409
PAYC,2022q1,0,1,0.00440768392025103,0.26004260025628045,-3.0286984917476287,0.2509000249909852,-0.22931741271631775
PAYS,2022q1,0,0,-0.003028122954077881,-0.03763639198359979,-2.042836616395147,0.003890798878372033,-0.5220125786163522
PAYX,2022q1,0,1,0.008741974982208123,0.3375391849529781,-2.7076046378006713,0.2509000249909852,0.08670271277012567
PBPB,2022q1,0,0,-0.04106399259413773,-0.08056321967807292,,0.12627708914453595,-0.28481012658227844
PCOR,2022q1,0,1,-0.009120663687880693,-0.4477231124150555,-1.905828315520432,0.0,-0.5219589257503949
PCTY,2022q1,0,1,0.0030728245270718654,0.14166768305077854,-2.998529402748282,0.2509000249909852,-0.0858490566037737
PCYG,2022q1,0,0,0.010785387464683889,0.23881438549497677,-0.8573718733966981,0.06922027105033642,-0.20145190562613421
PD,2022q1,1,0,-0.009707643402496474,-0.36804697550599297,-2.4113552728390837,0.0069899113148026906,-0.41803663691874116
PDFS,2022q1,1,0,-0.003949006681987715,-0.12388799331303361,-1.5934489380823005,0.004612598229515357,0.18316831683168328
PEGA,2022q1,0,1,-5.756721584471776e-05,-0.0010071563909254944,-2.7843411200212835,0.0,-0.655787868191063
PENN,2022q1,0,1,0.007240647485989471,0.03305203938115331,-0.591348257642215,0.018903110491336996,-0.6023009543731206
PESI,2022q1,0,0,-0.01835040442672203,-0.08438579956016337,-0.6169114629129433,0.01598869430281534,-0.2741258741258741
PFMT,2022q1,0,0,-0.0076542151607770165,-0.061773067976221244,-0.9226929438256871,0.01757324924451452,-0.2986666666666667
PFSW,2022q1,0,0,-0.029479682108959394,-0.11230766916840886,-0.22855447241674956,0.0339129682498486,0.5934959349593496
PGNY,2022q1,1,0,0.0010600354079658854,0.028864746221337036,-2.8196460325160015,0.0,-0.5076271186440677
PHR,2022q1,1,0,-0.03392299969477947,-0.8006032402619786,-1.1883025718257205,0.014362678876224529,-0.5920065252854811
PINC,2022q1,1,0,0.009064074629744567,0.11044092998651651,-0.640513721983314,0.09967261743061148,0.04782715354545564
PING,2022q1,1,0,-0.008814303852566931,-0.2391989703746561,-1.1450876678839497,0.005423508925288433,-0.20786026200873356
PINS,2022q1,0,1,-0.0003260491198487914,-0.009186185063099577,-1.6535302802509366,0.0,-0.7699810006333123
PK,2022q1,1,0,-0.012342074258386479,-0.11899791231732777,-0.07491661918174422,,-0.3407871111146775
PLAY,2022q1,1,0,0.010756564076215802,0.07475910953593976,-2.1583402431425487,0.0,-0.19261083743842364
PLNT,2022q1,0,1,0.002141006698143575,0.08819559022048898,,0.031997706190545254,-0.09621262458471753
PLTR,2022q1,0,1,-0.003637107281821537,-0.22712537273975764,-2.4670066896093936,0.012064730464973417,-0.6559180576631259
PMD,2022q1,0,0,0.0010110037020778023,0.0059926244622003685,-1.1300142773392619,0.07425600915681038,-0.07242692680144391
PRAA,2022q1,1,0,0.021793755732204573,0.16613121090584151,-0.3092944196884192,0.0,-0.054847933454639966
PRDO,2022q1,0,0,0.040644440048595264,0.17532889882432676,-0.1513560625194947,0.009901318635217883,-0.03993480032599839
PRFT,2022q1,1,0,0.007129840442520976,0.12217314766040403,-2.4049950212667923,0.0,0.14013926883859731
PRGS,2022q1,1,0,0.009924534028597672,0.1411379914712742,-1.7219635945629637,0.01057485093665288,-0.005848858249026927
PRO,2022q1,1,0,-0.019090487901965963,-0.43072850869277507,,0.015433272161952772,-0.42440201887206497
PRVA,2022q1,1,0,-0.006056004249966906,-0.05579969471097925,-1.8428285715893842,0.005235189433379933,-0.34370069867027264
PSN,2022q1,1,0,0.005151417985842854,0.02177607739795526,-0.7211163774020433,0.015016904092347252,0.02693089430894315
PSNL,2022q1,0,0,-0.07662545032587896,-1.8525645235437052,-0.24997839267780128,0.0,-0.8636363636363636
PTC,2022q1,0,1,0.0071184601340553225,0.17750239001478543,-1.7992671118549912,0.005795333266491919,-0.24720373778847507
PTLO,2022q1,0,0,0.00022059890744518555,0.0014425722401510983,-0.720749411665687,0.003359951480845042,
PTSI,2022q1,0,0,0.030944735878009923,0.10910101709744449,-1.1823293261830974,0.07985474927675988,1.0769668246445498
PUBM,2022q1,1,0,0.0035270751624455607,0.08760448746150462,-1.6216282735386498,0.007775180915136181,-0.5932940875351932
PWSC,2022q1,1,0,-0.00369791022315538,-0.08097358147494518,-0.6447349341209192,0.013103180490452712,
PYCR,2022q1,0,1,-0.003279630979684569,-0.13620235405434064,-1.3700787665087026,0.0,
PYPL,2022q1,0,1,0.0037778472004353436,0.07851303408915626,-1.8778569965932799,0.0,-0.7603952243721697
PZZA,2022q1,1,0,0.002767392545802493,0.01933693513079242,,0.029502295551395285,-0.1901059748614255
QLYS,2022q1,0,1,0.004571641187703862,0.22403456180567802,-2.567096967099919,0.014786078202688601,0.25275598371238456
QNST,2022q1,0,0,0.003523909709999835,0.014801736383066283,-0.7415384892595103,0.0,-0.4585575888051668
QRHC,2022q1,0,0,-0.018648110771604914,-0.03054026264706763,-0.4907816460102592,0.008995802815143315,-0.3559055118110236
QTWO,2022q1,1,0,-0.00671265855230423,-0.17572032728927212,-2.062529965375029,0.014712221355556467,-0.6240007798791186
QUMU,2022q1,0,0,-0.1482598675441231,-0.9392712550607287,-1.3502818843065687,0.18051048427358962,-0.720486111111111
QUOT,2022q1,0,0,-0.0434379778387272,-0.3352962169878658,-1.0935049583286585,0.2509000249909852,-0.7252543940795559
RAMP,2022q1,1,0,-0.011531328590825332,-0.20738754630446288,-0.8745034299974196,0.0,-0.44909284951974393
RBBN,2022q1,0,0,-0.15202769124151938,-0.4040173674060901,0.030245511563737233,0.029015429278846344,-0.6005256241787122
RBLX,2022q1,0,1,-0.005894548489943815,-0.2982533222622288,-3.868990834386531,0.0,-0.6348077350522339
RCL,2022q1,0,1,-0.054630910891492336,-1.1018767388794324,-1.6781909251789302,0.08791876672245093,-0.5906425891181989
RCM,2022q1,0,1,0.003948532008903338,0.07622504537205081,-3.011407565479139,0.04908445310868203,-0.057553956834532266
RCMT,2022q1,0,0,0.06307292992407415,0.07955002989226584,-1.2304298328560048,0.015948224676404228,3.9126213592233
RDI,2022q1,0,0,-0.1631002216584913,-0.3819402985074627,-0.0068691736149255,0.09855550932946823,-0.48206599713055953
RDNT,2022q1,1,0,0.0023973033315046097,0.008815947707063584,-1.0926458989310635,0.03552148216151044,-0.48708815672306316
RELY,2022q1,1,0,-0.014219957647477993,-0.17137941682473862,-1.2460658213106255,0.005720787333316335,
RGP,2022q1,0,0,0.03422707003384654,0.094917623369451,-0.46327917131069096,0.01570020259478542,0.4663079871552679
RGS,2022q1,0,0,-0.2894855253703514,-0.4311726822035862,-2.1602662673092397,0.2509000249909852,-0.8846153846153846
RHI,2022q1,0,1,0.013312020986165797,0.09270214245490221,-2.163247424734089,0.029239526278939096,-0.1450552932101416
RICK,2022q1,0,0,0.018757777855982382,0.17195252150976575,-0.9428571620182381,0.02765448608558677,-0.2672339556554021
RIOT,2022q1,1,0,0.014350992105718099,0.4465514432175668,-0.58170466642597,0.0009724117683117654,-0.8887709052296258
RLGT,2022q1,0,0,0.04552730462017589,0.03111093753729125,-0.5310708037933256,0.022613499983781857,0.07070707070707075
RMBL,2022q1,0,0,0.01789460076788441,0.0198751956862063,-0.08504806881067177,0.11839381654921703,-0.6365208796639485
RMNI,2022q1,0,0,0.006093622679409516,0.03152895516290471,,0.021005889694581687,-0.024350649350649407
RMR,2022q1,0,0,0.006527885495221654,0.032339340463638476,-1.0158164431278365,0.009584187037320818,-0.09364896710728907
RNG,2022q1,0,1,-0.01363847487992009,-0.3228270352566844,-3.9220075745413037,0.0,-0.8201527978525708
RNWK,2022q1,0,0,-0.1906317366610607,-0.3935673395601085,0.4056037115505765,0.0,-0.7291845493562232
ROKU,2022q1,0,1,-0.001544410072421661,-0.035853940103502936,-1.8008448587339618,0.02097557928450957,-0.8211431682090365
ROL,2022q1,0,1,0.004200293552224477,0.12264677998239318,-2.745541829343102,0.04197888175500189,0.0348092674336214
RPAY,2022q1,1,0,0.010219528058187684,0.20208297148535562,-0.36515798545315287,0.0013342767308863338,-0.46547420965058234
RPD,2022q1,0,1,-0.006965080972580066,-0.28591851776546534,,0.008898867231350138,-0.2940927824157244
RRGB,2022q1,0,0,,,,,-0.7574750830564784
RRR,2022q1,1,0,0.016237072971062458,0.12037267575615732,-3.4263703256240974,0.011902217364400405,-0.15473676837372924
RSG,2022q1,0,1,0.008395513851520778,0.11856642414443547,-1.5404105470111793,0.002504009228258729,0.20644821038246372
RUTH,2022q1,0,0,0.01326335787511334,0.08255636951764818,-1.7061263333176506,0.03301526754621924,-0.2844910187443837
RXT,2022q1,1,0,-0.01627505008826874,-0.04964539007092199,-0.5651515441055724,0.033910122329974014,-0.6343702192758797
S,2022q1,0,1,-0.00681139225455443,-1.0925254433542568,-1.8527669711419987,0.0022588595232254146,-0.4510588235294118
SABR,2022q1,1,0,0.012819920095008857,0.08104836641534595,,0.003148003783625827,-0.5328525641025641
SAIA,2022q1,0,1,0.012338055992723107,0.12011808546677637,-1.6063155299824308,0.020887531186136666,-0.10258246217003202
SAIC,2022q1,0,1,0.008323461882269137,0.024130190796857465,-1.1541555261637624,0.02575704838148277,0.07930102497456541
SAIL,2022q1,1,0,-0.006888564174685875,-0.2866400970369087,-2.5173813920515795,0.2509000249909852,0.2273350303504993
SALM,2022q1,0,0,0.018887991946412216,0.02777555942436391,0.6712506962364629,0.024647766290212314,-0.16862745098039206
SATS,2022q1,1,0,0.04375298757332849,0.18230668309626066,0.5321275712425629,0.0,-0.20543433511733217
SAVE,2022q1,1,0,-0.08197682457902462,-0.20128189886438233,-0.21199714432388253,0.0532782254688583,-0.2168199737187911
SBGI,2022q1,1,0,1.2882852543283982,0.6520954223081883,-1.0495852164623667,0.00870609426598619,-0.3645880101836119
SBUX,2022q1,0,1,0.006445737862630212,0.08833621457383833,,0.11146563754457901,-0.3028095589199391
SCHL,2022q1,1,0,-0.011035561784961404,-0.0444121915820029,-0.15673397350646048,0.018603452718371553,-0.03489149198554906
SCI,2022q1,0,1,0.02064948992215126,0.1973322617792293,-1.7525182561736643,0.0041316197427026255,0.30937739669910613
SCPL,2022q1,1,0,0.0026583540415258556,0.027848101265822784,-1.089087430090929,0.0,-0.17581120943952794
SCWX,2022q1,1,0,-0.007839901642836513,-0.0686190178292149,-0.5464571041602904,0.0,-0.41392336751214254
SDIG,2022q1,0,0,-0.047528614695969786,-0.4672039175947338,-1.9380675957356903,0.20507346110313765,
SEAC,2022q1,0,0,-0.026779517966254905,-0.17322283179642817,-0.264790460966372,0.0,-0.5319379844961241
SEAS,2022q1,0,1,-0.0015958909883226548,-0.03319997192391381,,0.005879833853381971,-0.11533840608730474
SEM,2022q1,1,0,0.015292210077947734,0.03070681886809203,-0.8543191777048639,0.03567768019507576,-0.4312953226159985
SEMR,2022q1,1,0,-0.0015273229868486174,-0.045004201092283994,-2.0143773947179757,0.0,-0.4383145091225022
SERA,2022q1,0,0,-0.10995858409299641,-5.448682236983073,0.13604126865922792,0.0026026026026026027,
SG,2022q1,1,0,-0.013946034341603093,-0.47957423165774776,-1.727617224484543,0.0,
SGA,2022q1,0,0,0.00856468563243671,0.04822365522489686,0.3412059521995248,0.0,0.2068242451337598
SGMS,2022q1,0,1,0.004585453265904655,0.045454545454545456,,0.005533199195171026,-0.2501291322314049
SGRP,2022q1,0,0,0.023733198119364477,0.011424890666847477,0.3876887276718052,0.1694596025411305,-0.17482517482517484
SGRY,2022q1,1,0,0.002480139504040698,0.020462931902046292,-0.8936937229979741,0.010811670244057556,-0.5658961272891023
SHAK,2022q1,1,0,-0.003557864725082108,-0.04996287938011023,-1.9045515884915831,0.025488229516157514,-0.631096991216595
SHC,2022q1,0,1,0.0049999639040006726,0.12942125581827552,-2.255872791786473,0.003613834554224974,-0.19149814279818408
SHEN,2022q1,1,0,-0.0005109532139831195,-0.009361318967926227,-0.6051849822401203,0.0034950427454936367,-0.270926730667203
SHO,2022q1,1,0,0.005414219397341383,0.08118271769724052,-0.15715138755488708,0.037164207814233484,-0.20128824476650564
SINO,2022q1,0,0,,,,,
SIRI,2022q1,0,1,0.01182309915948595,0.1413540713632205,,0.012102725573157532,-0.014976781480354475
SIX,2022q1,1,0,-0.01751513369856959,-0.4754429536518786,,0.015464460865898852,-0.49861367837338266
SKLZ,2022q1,1,0,-0.12050079624224767,-1.5851473704488537,-0.8011823801565735,0.0021500510436058234,-0.9429097605893186
SKYW,2022q1,1,0,0.01216745153659919,0.02412290247459029,0.45170813441193364,0.06840913039354826,-0.5066171348966798
SLGG,2022q1,0,0,-0.11439096163336454,-2.1008492569002124,0.1923679684344077,0.0,-0.810760667903525
SLP,2022q1,1,0,0.00428664534952877,0.2979859421465261,-1.7850610089678773,0.008522297399537406,-0.09658843730510205
SMAR,2022q1,0,1,-0.008163055162695356,-0.33763485951736494,-2.556927185096757,0.017952159484340348,-0.5654037610619469
SMED,2022q1,0,0,-0.002527326526537342,-0.016326298424256216,-0.566989179820581,0.036084683294763005,-0.7165048543689321
SMHI,2022q1,0,0,-0.07073411166187335,-0.32543703801188834,0.7248879406707469,0.006738080123549934,0.30612244897959173
SMSI,2022q1,0,0,-0.034187440169190564,-0.5498233215547703,-0.7768530732075862,0.012911371406980066,-0.5268199233716474
SNAP,2022q1,0,1,-0.0061517890515955295,-0.3383973494603976,-2.7977031085629016,0.005778017218008355,-0.8073084825359553
SNCY,2022q1,1,0,0.0023966957925844437,0.016055622999668912,-1.1237241457209115,0.053552710919757225,-0.5044582545258038
SNDA,2022q1,0,0,-0.07812514932013462,-0.28517201285821764,,0.06735752031971293,-0.5757575757575758
SNDR,2022q1,1,0,0.0203298755539315,0.0568343103980253,-0.5925346233613675,0.0004404639553663192,0.040816123335993215
SNOW,2022q1,0,1,-0.0019167827116999285,-0.34435110247176726,-2.614113116232081,0.0037747578912606257,-0.4248966087675765
SNPS,2022q1,0,1,0.006147927650946664,0.24694805373724174,-2.247692003577466,0.008846751940661559,0.10120018854925837
SOPA,2022q1,0,0,-0.09364112498680029,-5.448682236983073,-0.5733933262853416,0.007257723353654812,
SPCE,2022q1,1,0,-0.036465773522530456,-5.448682236983073,-1.2217280736693115,0.0,-0.8691304347826088
SPGI,2022q1,0,1,0.012488068333253822,0.5169526998744245,-0.9106631825802772,0.0009986080009683472,-0.17235817693174624
SPLK,2022q1,0,1,-0.005896708796264173,-0.15627569721646087,-3.9220075745413037,0.0,-0.38815880481394394
SPOK,2022q1,0,0,-0.045790020290359036,-0.21327420546932743,0.014804658130653289,0.0,-0.2709345179323803
SPSC,2022q1,1,0,0.002667946577869926,0.11980835226678581,-2.2628763902493256,0.007071487735362983,0.1321982974461693
SPT,2022q1,1,0,-0.002245746849070197,-0.1698619164533598,-3.415374245835194,0.010181635346615548,-0.35059270856631625
SQ,2022q1,0,1,-0.002596106243489369,-0.05155700649767904,-1.5057201721316589,0.006730039381728593,-0.7479081214109926
SQSP,2022q1,1,0,-0.025906443378209635,-0.4469537258979024,,0.030326711859888895,-0.6478707288335297
SRCL,2022q1,0,1,-0.002622081999399517,-0.021379102679915687,-0.8215847561120295,0.018787314454729694,-0.387141858839972
SRT,2022q1,0,0,-0.006967046306034511,-0.0074290119951947505,0.34658261460053974,0.05976277011655977,-0.5946704067321178
SSNC,2022q1,0,1,0.00894719740387545,0.1328957528957529,-1.1269257334485578,0.007823790038695471,-0.18571656369809023
SSP,2022q1,1,0,0.012915724631913454,0.03953466995223667,0.13607792155529674,0.005145783439911059,-0.3884256988719961
SSTI,2022q1,0,0,0.0011498486332841386,0.018242669934948618,-1.9315764960397297,0.0,-0.4482263686692639
SSTK,2022q1,1,0,0.007851948886027893,0.13343912580599804,-2.0300747304658757,0.0,-0.41013135145126206
SSY,2022q1,0,0,-0.09750754503041736,-0.09404388714733543,0.7370275639394439,0.012651467102847414,-0.7075438596491228
STAF,2022q1,0,0,-0.16841409576703775,-0.04657968051630489,0.41239884487276396,0.1402061855670103,-0.8302576601671309
STCN,2022q1,0,0,-0.294612961040819,-0.190462375039374,,0.2509000249909852,-0.32999999999999996
STER,2022q1,1,0,0.0024502237099876547,0.03248390390265247,-1.2611024070134578,0.0073026287026492,
STKS,2022q1,0,0,0.010850051923770495,0.049473584880225394,-1.6568173214057904,0.026182082561904522,-0.33121597096188743
STRA,2022q1,1,0,0.00430586802362988,0.027154198296343513,0.0547630111530598,0.010909745118318768,-0.03680848288141601
STRM,2022q1,0,0,-0.00039390231651116245,-0.004961958319550115,-0.8051959041074249,0.08292485642643371,-0.2824858757062147
STRN,2022q1,0,0,-0.015579625640588785,-0.04452141634833738,0.19534888714221235,0.007515373209832088,
SWCH,2022q1,0,1,0.0016996280997483818,0.07771750025818758,-2.48734896717424,0.002235428457120948,0.5992366745200265
SWI,2022q1,1,0,-0.0021814051389214945,-0.02634167853992808,0.06419317667456927,0.007352130488188269,-0.37865070497265935
SYNH,2022q1,0,1,0.005473229327102137,0.03455633027577861,-0.9381965886146666,0.007855528223217811,-0.1990166499050172
T,2022q1,0,1,0.02849753042599279,0.1262301535231597,0.10009653080971168,0.047354880066528646,0.03671090028183937
TASK,2022q1,1,0,0.003090866163284656,0.04833945260347129,-2.2200425327753712,0.06769407497757385,-0.5075934579439253
TAST,2022q1,0,0,-0.17247435135615805,-0.053242247344020666,0.4794415423956445,0.03403978008499444,-0.6296139932621204
TBI,2022q1,0,0,0.01056551343238916,0.01907291732772454,-0.7558347436829946,0.012825727710442962,-0.3632159373888296
TDC,2022q1,0,1,0.006883800867703099,0.07258064516129033,-3.094043125202093,0.08548812664907651,-0.2593556133680208
TDOC,2022q1,0,1,-0.5771617272884032,-5.448682236983073,-0.23498460018972483,0.0,-0.8002886523543207
TDS,2022q1,1,0,0.02819553682068651,0.04638783269961977,0.8609931937434642,0.012248654772019259,-0.2753106113803554
TDW,2022q1,0,0,-0.013544907616537831,-0.1150866838804869,-0.2642365642848875,0.0,0.7502074688796679
TEAM,2022q1,0,1,-0.0004199760151861141,-0.04198160409782158,-3.9220075745413037,0.012660269642812565,-0.2704196838744842
TENB,2022q1,0,1,-0.003862739180532561,-0.1537698910697254,-3.3304876620589288,0.0,0.0981862152357919
TGNA,2022q1,1,0,0.027049250526715814,0.17340138453449905,-0.6391903394355146,0.0018668625692960564,0.1387026345998756
THC,2022q1,0,1,0.015162115708875285,0.02946748053041465,-1.5020801459066255,0.014521575984990619,-0.21540528437080153
TISI,2022q1,0,0,-0.34061229202197657,-0.14851584803455092,-1.2586544929426418,0.02231175850342511,-0.8890597014925373
TLS,2022q1,0,0,-0.022143270715376688,-0.2987041467304625,-1.3520033742698294,0.008236995996246225,-0.7624228168185828
TMUS,2022q1,0,1,0.00444662401514532,0.03543737574552684,-0.8291839343197807,0.034359823975922486,-0.07104881585306926
TMX,2022q1,0,1,0.0034294332453275074,0.038306451612903226,-0.8249760930424748,0.021802002224694104,-0.14797736323621888
TNET,2022q1,0,1,0.022592683376376748,0.11986863711001643,-2.229823945672084,0.0046816479400749065,0.07091611479028698
TNL,2022q1,1,0,0.010305108347364752,0.0630407911001236,,0.0,-0.3276489689992465
TOST,2022q1,0,1,-0.0020795552416004994,-0.04299065420560748,-2.269683786420927,0.010380622837370242,
TRGP,2022q1,0,1,0.005096636570438611,0.017745155370934244,-1.4581459531160046,0.023425343567347046,0.36257167515394817
TRHC,2022q1,0,0,-0.19021664726288193,-0.420101326180897,-1.408722621585892,0.006580466177193111,-0.9486
TRIP,2022q1,1,0,-0.00904058938773785,-0.1297709923664122,-1.589904632193627,0.0,-0.5583126550868486
TRKA,2022q1,0,0,-0.31385656582176863,-0.9173095313994262,-0.6048989309541828,0.02453086755507207,-0.7327464788732394
TRU,2022q1,0,1,0.00242925779987905,0.052425919895799415,-1.568691162352683,0.009395598989932115,-0.2687715347074415
TRUE,2022q1,0,0,-0.03254616357318777,-0.2851629798084212,-0.20984501281771895,0.014809167868426556,-0.5415929203539823
TSP,2022q1,1,0,-0.04128936566903963,-5.448682236983073,-0.7777505622655979,0.004692518335650256,-0.898512071869736
TSQ,2022q1,0,0,0.010194592341062911,0.0221863091319008,-1.3661231605854889,0.018587675999961684,-0.35764705882352943
TSRI,2022q1,0,0,-0.002535344747470926,-0.001911605781960528,-0.2520217062070108,0.013162103966701668,-0.2239583333333333
TTD,2022q1,0,1,-0.00043479224115533093,-0.04629538600102118,-3.0135399978276665,0.013757599292223283,-0.45850568769389866
TTEC,2022q1,1,0,0.00861382544759595,0.056739467935847915,-1.9498296304557499,0.021126050051543,-0.33415167103162075
TTEK,2022q1,0,1,0.005955092482276706,0.0621992063268695,-1.9679516746363508,0.029215024805102765,0.1253556743033583
TTGT,2022q1,1,0,0.002969487400196961,0.10509792415462481,-2.3028245368204825,0.005201685761620894,-0.15189056652471283
TTWO,2022q1,0,1,0.006254029250050984,0.11932421796035286,-1.5385122973787586,0.005945569495918178,-0.3078183256129251
TWKS,2022q1,0,1,-0.009433996901087182,-0.18665171060011218,-2.1564361035810897,0.013957098869252465,
TWLO,2022q1,0,1,-0.007408092030366644,-0.2531829652384211,-1.0080619988113357,0.004118750718535589,-0.7873706109194236
TWOU,2022q1,1,0,-0.12405111722427618,-0.49650849290843135,-0.4394829383234392,0.006197463029651052,-0.7487401007919366
TWTR,2022q1,0,1,0.016570010097012748,0.42738787527560734,-1.6574535295873551,0.01537935660189904,-0.45661967737247494
TXRH,2022q1,0,1,0.01299317022078791,0.07615500371650838,-1.721102337612873,0.009783286560648582,-0.2228995867975854
TYL,2022q1,0,1,0.0021735491019954072,0.08766344813070588,-2.0417732126496073,0.008718816987827189,-0.2650264164290293
TZOO,2022q1,0,0,0.02982836410809913,0.12783829187665963,-3.2279041487927507,0.030285412831196235,-0.589430894308943
U,2022q1,0,1,-0.006085402844438083,-0.5546409851121121,-2.5138186584483098,0.005349872439181185,-0.6647546207775653
UAL,2022q1,0,1,,,,,-0.322623828647925
UBER,2022q1,0,1,-0.0850358687017772,-0.8651882112634958,-1.9815899907015,0.0063696208704132635,-0.591779728651237
UDMY,2022q1,1,0,-0.01475271626842832,-0.16849621936238282,-1.5193254418129334,0.010028556348035567,
UHS,2022q1,0,1,0.01419462049370579,0.046740071838190365,-0.5980215154644849,0.008679939801190556,-0.3081494688451335
UIS,2022q1,1,0,-0.039202161136399793,-0.12827400940228342,,0.007992973210364514,-0.5246937969182142
ULCC,2022q1,1,0,-0.04919180635019317,-0.2,-1.7941035965044394,0.14289168278529982,-0.4501173708920188
ULH,2022q1,0,0,0.07769083830477663,0.08018921049667756,-0.48259367730353964,0.07347947546255262,0.19520437886080336
UNF,2022q1,1,0,0.005311389947718855,0.03791072866840903,-0.6039507412402422,0.00571624921868394,-0.26169952779785854
UNP,2022q1,0,1,0.009367430409973516,0.2781569965870307,-2.68281020352757,0.024339979079171285,-0.010265673810216258
UONE,2022q1,0,0,0.05101288937150314,0.14569778102163794,-0.17055757838462973,0.015801375487979077,-0.370242214532872
UPLD,2022q1,0,0,-0.041643873729781684,-0.2900426850957874,-0.5119277591067005,0.006762574087682932,-0.6473160068010687
UPS,2022q1,0,1,0.014260907295325713,0.10919681680203462,-2.4927380927593363,0.03879451742187611,-0.09917253792020458
UPWK,2022q1,1,0,-0.008210164530234505,-0.17502847803476795,-2.491869316890994,0.0,-0.6452221650368846
USAK,2022q1,0,0,0.07154722021144938,0.06520841726225114,-0.3889238221447467,0.10070082261800176,0.955196017423771
USER,2022q1,1,0,-0.009984307576436664,-0.331566780075024,-2.370457576019711,0.019663555274383362,
USM,2022q1,1,0,0.01894513989224106,0.048514851485148516,0.5777380441956732,0.012597701149425287,-0.20242357477278988
USPH,2022q1,1,0,0.006831861334620319,0.06680890481686205,-1.4496542043135503,0.041138266940537765,-0.04279966644488297
USX,2022q1,0,0,-0.04528980690617259,-0.017212309643688563,0.32149792473316346,0.13987951678898092,-0.6883720930232559
UTI,2022q1,0,0,0.025203506832322586,0.07203730188272633,-0.32541509704117055,0.029600678840172957,0.09861325115562398
V,2022q1,0,1,0.0085909529602041,0.50730282375852,-2.4677371864326636,0.04336984158028555,-0.15231953510263174
VCYT,2022q1,1,0,-0.00736495355035304,-0.2133425785226384,-0.5929675406778517,0.008355565704859198,-0.5022511255627814
VEEV,2022q1,0,1,0.002960685148079662,0.1999921730013862,-2.421564003336309,0.002877269934350243,-0.36311304068178163
VERI,2022q1,0,0,-0.03452797307463067,-0.6431540093585607,-2.2399461164436913,0.0,-0.6686960933536276
VERX,2022q1,0,0,-0.0008260035476275652,-0.002904751965490851,-0.5519843349943535,0.00814470945136113,-0.48359161349134006
VMEO,2022q1,1,0,-0.013451270966121026,-0.2451040109271462,-1.707345646719163,0.0,-0.8771428571428572
VMW,2022q1,0,1,0.012289422839750666,0.16595865193996034,,0.0,-0.1313719682859016
VOLT,2022q1,0,0,-0.009224122571700131,-0.005371747867164916,-1.490227774826634,0.028544251280079334,0.3107221006564551
VRAR,2022q1,0,0,-0.021739715687430834,-0.8534763134097624,-1.0227820185572662,0.0,-0.43142857142857144
VRDN,2022q1,0,0,-0.053623650119599624,-5.448682236983073,-1.056135857104577,0.0015723527966587502,-0.3674138873701476
VRNS,2022q1,0,1,-0.009540354368356676,-0.5065706776368415,-2.255476581072589,0.0,-0.49114890662964245
VRNT,2022q1,1,0,-0.0013818362072991034,-0.01974223634313826,-1.254115518676626,0.0,-0.060350565786554226
VRRM,2022q1,1,0,0.0039518190882744785,0.058925374886286935,-2.220426040548994,0.006550889703121703,0.02212101496421611
VRSK,2022q1,0,1,0.014608784785303926,0.6520954223081883,-2.5600347903355622,0.16327981370265965,-0.0030615969143315425
VRSN,2022q1,0,1,0.0064265127784904445,0.4540213317959066,,0.0,-0.2650972813913654
VSEC,2022q1,0,0,0.010635544989696663,0.02700236551792734,-0.32593182055135084,0.015377231881099533,-0.23511246915954565
VTOL,2022q1,1,0,-0.004108873537008367,-0.01500347947112039,-0.22813585390803334,0.045291865991989165,-0.08629441624365486
VVI,2022q1,0,0,-0.039575802977518316,-0.1635148849797023,-2.393369819433442,0.023474160679837063,-0.4461384152457372
VVX,2022q1,0,0,0.006782370670606705,0.006254504667328264,-0.17270928355628848,0.011560822152313832,-0.29691111578062623
VYNT,2022q1,0,0,-0.22096885867836372,-5.448682236983073,-0.6172757682825727,0.007408773709612961,-0.7566844919786097
VZ,2022q1,0,1,0.021408887059190376,0.13649639387256363,-0.9209401945998347,0.047216966170471074,-0.050602764423743514
WBD,2022q1,0,1,0.036145592947437015,0.144349477682811,0.047322416534931785,0.02349181928459422,-0.5625814863102998
WDAY,2022q1,0,1,-0.001218761469614734,-0.053230737257301396,-2.584240883447063,0.12410776581999056,-0.4153472396749602
WEAV,2022q1,0,0,-0.03591433654767777,-0.41590526568886754,-1.324164592921802,0.05865605658709107,
WEN,2022q1,1,0,0.007909704046380717,0.07654258835182332,-2.342114173598242,0.01683216494978788,-0.1748572327036023
WERN,2022q1,1,0,0.019922331920378573,0.0702964275671752,-0.6987221977108392,0.001887486193038498,-0.12465489715595042
WEX,2022q1,0,1,0.01106481435185379,0.17103770759465545,-1.423756794817886,0.013907751536344989,-0.19773078906652916
WH,2022q1,0,1,0.01358985443209834,0.2857142857142857,-1.9065580130469766,0.0048928238583411,-0.07655239428008123
WHLM,2022q1,0,0,0.03081589069731464,0.044397717032141785,-0.10304750568196143,0.01425924434061065,-0.12200000000000007
WIMI,2022q1,0,0,,,,,-0.6047358834244081
WING,2022q1,1,0,0.002477770582547658,0.11385079719178531,,0.009560493282028638,-0.506235230320522
WK,2022q1,0,1,-0.003016330065842941,-0.14261147184477999,-3.9220075745413037,0.0016327156204254414,-0.407257702326417
WLDN,2022q1,0,0,-0.009562586381118425,-0.04108321174241599,-0.7873806028453096,0.06094914108339124,-0.267268862911796
WM,2022q1,0,1,0.007806793897186327,0.11006221840806694,-2.218728718525448,0.014887573154454294,0.10901335188795644
WMB,2022q1,0,1,0.00935662028585894,0.15055467511885895,-1.067103355338493,0.035288497035766246,0.24349030009032532
WMG,2022q1,0,1,0.004721410842505106,0.06686046511627906,-3.9220075745413037,0.007454054748746948,-0.31271455590624575
WORX,2022q1,0,0,-0.04914291140708007,-0.6077371431564508,-0.7191528569953124,0.0,-0.6264373563218391
WOW,2022q1,1,0,0.0037398398444287427,0.03264604810996564,-0.9716830796876205,0.014671855279764409,-0.12071463061323032
WSC,2022q1,1,0,0.011028175220019648,0.10055335688768191,-0.8586244666499686,0.012536846340751,0.16325798349479728
WTRH,2022q1,0,0,-1.354836586706012,-2.2036529680365295,0.13421148856152287,0.014813237454066952,-0.9142134831460674
WU,2022q1,0,1,0.03977107613549217,0.25378558449424593,-3.0399100130029755,0.0,-0.2447095604116659
WW,2022q1,0,0,-0.011498321722530392,-0.027683276184591,,0.02098312980035592,-0.8231876037631434
WWE,2022q1,1,0,0.014127660587341762,0.198054869125021,-2.4548283740990473,0.18475076845990038,0.08892160296634452
WYNN,2022q1,0,1,-0.019836475659969276,-0.19229776762393871,,0.0159376844829469,-0.534096484055601
WYY,2022q1,0,0,-0.011975540137586956,-0.017511469740192187,0.2155172119269477,0.008759218794088858,-0.6707988980716253
XGN,2022q1,0,0,-0.0788113723208866,-0.9882624591110256,-0.5373358525904569,0.007775884107371112,-0.6170780520346898
XHR,2022q1,1,0,-0.0024142450765714096,-0.02531055826800477,-0.4273033991764551,,-0.22423918846769894
XM,2022q1,0,1,-0.017614661614997577,-0.8709298757325404,-2.1280144506189207,0.0062654271508247724,-0.6729411764705883
XMTR,2022q1,1,0,-0.012331104034615112,-0.23917486345328728,-1.3753688691315251,0.007437014581119545,-0.611740473738414
XPO,2022q1,0,1,0.058394546702072454,0.14051252519435647,-1.6543400514240865,0.08755364806866953,-0.4064301754334071
XPOF,2022q1,1,0,-0.006841638575681806,-0.14929907469917794,,0.006810171082541114,
XSPA,2022q1,0,0,-0.039867647489977925,-0.17810212907518297,-0.20190761442392713,0.037507253512458455,-0.5516233766233767
YELL,2022q1,0,0,-0.07632949146250434,-0.021818470326880356,,0.05873550317994763,-0.5499231950844854
YELP,2022q1,1,0,-0.0003772599101873592,-0.003307691195395983,-1.2084716569671112,0.03936239240658968,-0.3050550550550551
YEXT,2022q1,0,0,-0.02556762062237387,-0.2289660365394523,-1.4507210927444503,0.03037874696736441,-0.6655003498950314
YOU,2022q1,1,0,-0.002563121430292361,-0.11406134373032616,-2.023866140563717,0.0,-0.5
YUM,2022q1,0,1,0.011648643355531098,0.2579185520361991,,0.012551581843191197,0.0039645854787132406
YUMC,2022q1,0,1,0.005656428450890374,0.037481259370314844,-0.8319367043608733,0.0,-0.2609933321017754
Z,2022q1,0,1,0.0012949568745060256,0.0037585153864223633,-0.9450788313834758,0.11521739130434783,-0.7402225495009
ZD,2022q1,1,0,0.005363271503428887,0.07787842624449325,-0.8970821410338292,0.0072229770327402135,-0.4581606688476918
ZDGE,2022q1,0,0,0.02651194954286814,0.3362255965292842,-0.8352941004604854,0.0,-0.8435632808256383
ZEN,2022q1,0,1,-0.004566726363572148,-0.17239594465489136,-3.802579052315352,0.069331389445988,-0.4868366357212139
ZI,2022q1,0,1,0.0002666235434845965,0.025651634257343816,-2.4240521788023996,0.0011698102307847837,-0.36285221391604366
ZIP,2022q1,1,0,0.003081792615979479,0.037036874064947635,-2.596256525114098,0.013293847243827341,-0.4067253803042434
ZM,2022q1,0,1,0.01399180892945697,0.4579540702797151,-1.802833820679737,0.0,-0.7210293775676303
ZNGA,2022q1,0,1,-0.002341483248471661,-0.03544560185185185,-1.2810765460032787,0.003054607508532423,-0.23047977422389473
ZS,2022q1,0,1,-0.0029499660375910505,-0.39293637967937456,-3.9220075745413037,0.008119252475515282,-0.3080162917708045
ZUO,2022q1,1,0,-0.01834842289719626,-0.38792837295461563,-2.419383576139898,0.029738108835767316,-0.4811594202898551
ZVO,2022q1,0,0,-0.2662880197552785,-0.12066587704638748,-0.9077662174892625,0.0,-0.6254440154440154
ZY,2022q1,0,0,-0.24198446173921637,-5.448682236983073,0.1436699903245252,0.09357170703458004,-0.9692576855786055
